"게시물 ID","계정 ID","계정 사용자 이름","계정 이름",설명,기간(초),"게시 시간","고유 링크","게시물 유형","데이터 댓글",날짜,조회,도달,좋아요,공유,팔로우,댓글,저장
18005435468889699,17841450824863436,drr__official,"따르릉통신 | 최초의 휴대폰성지","휴대폰 구매,
판매점 vs 대리점 차이는 뭘까요?
비슷해 보이지만 전혀 다르답니다

✅ 판매점이란?
여러 통신사 상품을 비교해 파는 매장
통신사와 직접 계약하지 않고
여러 통신사 상품을 취급하는 곳으로,
중간 유통점이라 생각하시면 돼요

👉
조건과 혜택을 비교해 볼 수 있고,
매장의 재량에 따라 할인율이 달라요

✅ 대리점이란?
통신사와 계약을 맺은 매장
3사 통신사 중 한 곳과 계약해서
한 통신사 상품만 취급해요

👉
통신사 기준 요금 및 정책을 기준으로 판매해요

만약, 
휴대폰을 저렴하게 구매하고 싶다면?

👉 
통신사별로  조건과 혜택을 비교해볼 수 있는 판매점을 추천 드려요

📱
휴대폰을 구매해야 할 때가 되었다면?
저렴하다고 소문난 따르릉통신에서 
가격 상담부터 받아보시는 건 어떨까요?",38,"03/29/2026 01:31",https://www.instagram.com/reel/DWdjKdUkwH0/,"Instagram 릴스",,"전체 기간",7441,6163,23,1,10,0,11
18391912711207492,17841450824863436,drr__official,"따르릉통신 | 최초의 휴대폰성지","스마트폰, 저렴하게 
살 수 있는 시기

휴대폰 사려고 할 때
조금만 기다리면 더 저렴해질지
지금 사야 할지 고민하게 되죠

하지만 휴대폰 가격은
신제품 출시만으로 결정되지 않습니다
기기 가격과 지원금
요금제 조건까지 함께 봐야 해요

☑️ 최신 기능이 꼭 필요하지 않다면?

신제품 출시 전후로
기존 모델의 판매 조건이 달라지는지
비교해볼 수 있어요

다만 신제품이 나왔다고
기존 모델 가격이 반드시
바로 내려가는 것은 아닙니다

☑️ 지원금이 좋아졌다면?

휴대폰의 출고가는 그대로여도
통신사와 판매점 지원 조건에 따라
실제 구매 가격은 달라질 수 있어요

같은 모델이라 하더라도
통신사 이동 여부
요금제와 결합 할인
매장 지원 조건에 따라
가격 차이가 생길 수 있습니다

☑️ 기존 모델이 꼭 저렴한 건 NO

출시된 지 오래된 모델이
항상 가장 저렴한 것은 아닙니다

재고가 적어지면
원하는 색상과 용량을 구하기 어렵고
지원 조건도 오히려 줄어들 수 있어요

가격이 충분히 내려갔고
원하는 재고가 남아 있을 때
저렴해질 수 있습니다

휴대폰을 바꾸기 좋은 시기는
내가 원하는 모델의
기기값과 지원 조건이
가장 잘 맞는 순간",0,"08/07/2026 01:30",https://www.instagram.com/p/Dbu3PnKG9c1/,"Instagram 슬라이드",,"전체 기간",592,1698,8,0,2,0,4
18128684041710792,17841450824863436,drr__official,"따르릉통신 | 최초의 휴대폰성지","휴가 가기 전
이 설정은 꼭 하세요

휴가 여행을 가면
휴대폰 분실 또는 
도둑 맞을 위험을
걱정하게 되죠

분실도 분실이지만
그 이후에 사진과 연락처를
잃지 않도록 예방하는 것도
중요하답니다

여행 전 이것만 미리 준비해보세요

① 사진 백업 확인

사진이 클라우드에
업로드되고 있는지 확인하세요

백업이 꺼져 있으면
분실 시 복구가 어렵습니다
와이파이에서만
백업하도록 설정해두었다면
최근 사진까지 업로드 되어 있는지도
확인해보세요

② 내 기기 찾기 (아이폰)
or 내 기기 허브 (갤럭시) 켜기

설정해두면 분실 후
위치 확인과 소리 재생
원격 잠금과 초기화 등이 가능합니다
휴대폰을 찾는 데에도 도움이 되고
내 정보가 노출되지 않도록 할 수 있어요

여행 전
미리 대비해야
중요하고 소중한 
데이터를 잃지 않아요",0,"08/07/2026 00:49",https://www.instagram.com/p/DbuyjtDkrOQ/,"Instagram 슬라이드",,"전체 기간",504,1454,4,0,0,0,1
17865534465639941,17841450824863436,drr__official,"따르릉통신 | 최초의 휴대폰성지","휴대폰 망가뜨리는
여름철 행동 4가지

① 뜨거운 차량 안에 방치하기

여름철 주차된 차량 내부는
휴대폰이 견디기 어려울 정도로
온도가 빠르게 올라갈 수 있어요

고온에 오래 노출되면
충전이 멈추거나
화면이 어두워지고
배터리 수명이 짧아질 수 있습니다

② 직사광선 아래에서 오래 사용하기

햇빛 아래에서
내비게이션이나 카메라
고사양 앱을 계속 사용하면
외부 열과 기기에서 발생하는 열이
동시에 쌓이게 됩니다

온도 경고가 나타났다면
전원을 끄거나 사용을 멈추고
그늘진 곳에서 자연스럽게 식혀주세요
(냉장고나 얼음으로 갑자기 식히는 것은 X)

③ 방수폰을 물놀이폰처럼 사용하기

방수 등급이 있다고 해서
어떤 물에서도 안전한 것은 아닙니다

방수 성능은 사용 기간이나 충격에 따라
약해질 수 있고
바닷물이나 수영장 물처럼
소금과 화학 성분이 섞인 물은
충전 단자와 내부 부품의 부식을 
일으킬 수 있어요

④ 물놀이 직후 바로 충전하기

휴대폰 겉면이 말랐더라도
충전 단자 안에는
물기가 남아 있을 수 있어요
이 상태에서 충전기를 연결하면
단자가 손상되거나 부식될 수 있습니다

충전 단자를 아래로 향하게 두고
통풍이 잘되는 그늘에서 
충분히 말린 뒤 충전하세요

작은 습관이
휴대폰 수명을 
지켜준답니다",0,"08/06/2026 01:30",https://www.instagram.com/p/DbsSgIiAEoS/,"Instagram 슬라이드",,"전체 기간",174,111,3,0,0,0,3
18101114045245875,17841450824863436,drr__official,"따르릉통신 | 최초의 휴대폰성지","휴대폰 오래 쓰는 사람은 
뭔가 달라요

휴대폰이 조금 느려져도
바로 바꾸지 않고
고쳐 쓰고 관리해가며 
오래 쓰는 사람들이 있어요

사진이 너무 많이 쌓이면
한 번씩 정리하고,
쓰지 않는 앱도 지우면서

휴대폰이 
숨 쉴 자리를 
만들어줍니다

업데이트 알림도
계속 미뤄두지만은 않고
배터리가 빨리 닳기 시작하면
왜 그런지 한 번 더 살펴보죠

조금 불편하다고
금방 새로운 것을 
찾기보다

지금 가진 것을
조금 더 잘 써보려는 
마음이 있습니다

물론 아무리 잘 관리해도
휴대폰은 결국 소모품이라

언젠가는 느려지고
배터리도 예전 같지 
않아집니다

휴대폰 오래 쓰는 
사람에게
새 휴대폰으로 
바꾸는 일은

오래된 것을 
버리는 일이 아니라
다음 일상으로 
옮겨가는 일이겠죠

휴대폰을 오래 쓰는 사람은
그만큼 휴대폰을 살 때도
신중해질 겁니다

그 마음을
따르릉통신은
귀하게 여깁니다",58,"08/06/2026 01:10",https://www.instagram.com/reel/DbsQK_VDHMa/,"Instagram 릴스",,"전체 기간",6761,6277,12,1,0,0,6
17857356810696856,17841450824863436,drr__official,"따르릉통신 | 최초의 휴대폰성지","Q. 스마트폰, 온라인보다 
오프라인이 더 저렴할 수도?

“스마트폰 구매하려는데
온라인보다 오프라인이
더 저렴할 수도 있나요?”

네, 물론입니다!
휴대폰 매장이 오프라인보다
비쌀 거라는 생각,
다들 하시는데 사실이 아닙니다

온라인이나 전화로 구매하시고, 
매장에 오셔서 
“너무 비싸게 샀다”
“설명 들은 거랑 말이 너무 다르다”
라고 하시는 고객님을 많이 봤습니다

오프라인 매장에서 상담을 받고, 
기기값/조건을 비교해 보시는 걸
추천드려요

매장에 오셔서 
서류를 직접 작성 후 개통하시는게 
온라인으로 구매하시는 것보다 
훨씬 저렴하게 구매하실 수도 있어요

특히 
내가 실제로 받을 수 있는 혜택은 뭔지
먼저 확인하는 것이 중요합니다

요즘은 강요 없이
속이는 것 없이
깔끔하게 매장에서
휴대폰 살 수 있어요",0,"08/05/2026 01:30",https://www.instagram.com/p/DbptqqRCs6E/,"Instagram 슬라이드",,"전체 기간",997,2704,5,0,2,0,3
18079863953679600,17841450824863436,drr__official,"따르릉통신 | 최초의 휴대폰성지","이런 사람이라면
갤럭시 Z폴드8 GO

2026년 7월 22일자로
삼성전자가 
갤럭시 Z폴드8, 
Z폴드8 울트라, 플립8을
공식 공개했는데요

특히 폴드의 경우
접으면 5.5인치이지만
펼치면 7.6인치로
4:3 비율의 넓은 화면에 
일반 스마트폰보다도
가벼워지면서 (무게 201g)
큰 관심을 모으고 있어요

갤럭시 Z폴드8은 이런 분에게
추천드립니다

▶️ 콘텐츠 감상을 많이 하는 분
▶️ 웹툰, 전자책을 많이 보는 분
▶️ 게임을 많이 하는 분
▶️ 휴대성과 가벼운 무게가 중요한 분
▶️ 와이드 화면을 좋아하는 분

갤럭시 Z폴드8 울트라는
이런 분에게 추천드려요

▶️ 업무에 쓰려고 하는 분
▶️ 멀티태스킹을 잘 하시는 분
▶️ 카메라, 영상 제작하시는 분
▶️ S펜을 잘 활용하시는 분

특히 갤럭시 Z폴드8 시리즈는
4,800mAh 배터리,
(Z폴드8 울트라는 5,000mAh)
최대 45W 충전,
접히는 부위 주름 대폭 축소로

영상을 많이 보거나
업무용으로 많이 사용하시는 분들이
잘 활용할 수 있게 될 전망입니다

갤럭시 Z폴드8
가장 저렴하게
구매하는 방법은?
따르릉통신에서",0,"08/05/2026 00:30",https://www.instagram.com/p/Dbpmyd7j8tE/,"Instagram 슬라이드",,"전체 기간",704,2313,5,0,0,0,3
17958788819984323,17841450824863436,drr__official,"따르릉통신 | 최초의 휴대폰성지","따르릉통신
어떻게 시작하게 됐나?

따르릉통신은
전국 80여개 매장을 보유한
최초의 휴대폰 성지입니다

그런 따르릉통신의 시작은
어디서부터였을까요?

통신 산업이 발달하면서
많은 사람들이 휴대폰을 사용하고
사용 연령이 점차 낮아지면서
휴대폰 요금이나 기기값 등
가계통신비가 고정지출로 높게 자리잡았죠

따르릉통신은
그런 부담을 덜어드리면 어떨까 하는
생각에서 시작되었습니다

휴대폰 판매점이 많은데도,
저희는 박리다매 방식의 매장을
고집하고 있어요

기존의 판매점 판매 방식은
판매자만 마진을 많이 보고
돈을 버는 구조였지만,

마진을 줄이고
고객님께 지원금으로 돌려드리면서
박리다매로 진행하면

고객님은 저렴하게 구매할 수 있어서 좋고
따르릉통신은 입소문이 나면서
많이 판매할 수 있어서 좋겠다고
생각한 거죠

고객과 따르릉통신
누구도 손해보지 않고
윈윈할 수 있도록
늘 고민하고 있습니다",0,"07/31/2026 01:30",https://www.instagram.com/p/Dbc1sHaGM62/,"Instagram 슬라이드",,"전체 기간",1757,3131,8,1,6,0,5
18089782073450531,17841450824863436,drr__official,"따르릉통신 | 최초의 휴대폰성지","외근 중 통화 잡음
제거하는 법

아이폰 유저 중
밖에서 외근하는 분들

바깥 잡음 때문에
상대방에게
내용을 정확하게 전달하기
어려우신 적 많죠?

이럴 때
잡음을 제거하는 방법이 있습니다!

통화 중, 아이폰 화면에서
오른쪽 상단을 쓸어내린 다음
제어센터 ▶️ 전화 제어기
누른 후, 음성 분리를 선택하면

잡음 없이 내 목소리를 전달할 수 있어요

설정만 잘해줘도
일잘러 통화 가능",0,"07/30/2026 01:30",https://www.instagram.com/p/DbaQ4neEeD0/,"Instagram 슬라이드",,"전체 기간",453,2839,7,0,0,0,4
18103223213116483,17841450824863436,drr__official,"따르릉통신 | 최초의 휴대폰성지","퇴근할 때만 되면
폰도 나도 방전?!

아침에 분명
100%로 시작했는데

퇴근할 때쯤 보면
폰도, 나도
거의 방전되어 있죠

출근길에는 뉴스
일하면서도 카톡과 업무
점심시간에는 릴스 시청

결국 퇴근길에
폰도 나도 방전되고 맙니다

그런데
하루 종일
폰을 보는 것 같아도

정작 내가 뭘 봤는지는
잘 기억나진 않죠

그냥 손이 가고,
알림이 오고,
의미없이 스크롤만 하죠

가끔은
폰 배터리보다도
내 집중력이 먼저 닳고

저장공간보다
내 머릿속이 먼저 꽉 찹니다

하지만 우리는
폰 상태는 자주 확인하면서
내 상태는 잘 확인하지 않아요

배터리 몇 퍼센트인지는
체크하면서
내가 얼마나 지쳤는지는
그냥 넘겨버리죠

오늘 유난히
폰도 느리고,
나도 느린 하루였다면

잠깐 멈춰서
둘 다 한 번 확인해보세요

폰도 사람도
오래 쓰려면
가끔 점검이 필요해요",57,"07/29/2026 01:31",https://www.instagram.com/reel/DbXsMVFiZ26/,"Instagram 릴스",,"전체 기간",5910,5460,8,0,1,0,9
18110610385958274,17841450824863436,drr__official,"따르릉통신 | 최초의 휴대폰성지","전화 중에 앱 설치? 바로 끊으세요

“확인하려면 앱을 설치하세요”
“화면 공유를 켜주세요”
“보안 설정을 바꿔야 합니다”

전화 중 이런 말을 들었다면
바로 보이스피싱을 의심해야 합니다

요즘 사기 전화는
단순히 돈을 보내라고 하거나
계좌번호를 요구하지 않습니다

앱을 설치하게 만들고
화면을 공유하게 하고
접근 권한을 열게 만든 뒤
교묘하게 정보를 빼가는 경우가 많아요

특히 전화 중에

✔️ 출처 모르는 앱 설치
✔️ 접근성 권한 허용
✔️ 화면 공유
✔️ 은행 앱 실행
을 요구한다면

보이스피싱 위험 신호일 수 있습니다

이럴 때는 설명을 듣기보다
전화를 먼저 끊는 게 안전합니다

그리고 공식 앱이나
대표번호를 직접 검색해서
다시 확인해 보시기 바랍니다

진짜 기관이라면
전화 중에 급하게 앱을 깔라고
재촉하지 않아요

보이스피싱 의심되면
바로 행동 STOP",0,"07/28/2026 01:30",https://www.instagram.com/p/DbVHTDZDQRu/,"Instagram 슬라이드",,"전체 기간",526,2634,5,2,0,0,3
18079366640315585,17841450824863436,drr__official,"따르릉통신 | 최초의 휴대폰성지","업데이트 후 빨리
닳는 배터리, 고장?!

아이폰이나 갤럭시 업데이트 후
배터리가 빨리 닳는 것 같다고
느낀 적 있으신가요?

이럴 때 바로 고장이라고
생각하기 쉽습니다

하지만 업데이트 직후에는
폰이 뒤에서 여러 작업을 합니다

사진 정리
앱 최적화
파일 재정리
검색 데이터 재구성 같은 작업이
잠시 이어질 수 있어요

그래서
업데이트 직후 며칠은
배터리 소모나 발열이
평소보다 크게 느껴질 수 있습니다

휴대폰에 문제가 있는 건 아니니
조금 지켜보시는 게 좋습니다

다만 이런 경우는 점검이 필요합니다

업데이트 후
✔️ 일주일 이상 계속 심한 발열
✔️ 충전 속도 이상
✔️ 갑자기 꺼짐
✔️ 배터리 성능 급락
✔️ 앱 실행 오류 반복

이러한 증상이 나타났다면
스마트폰 교체를 생각해보실
시점이랍니다

업데이트 후
불편함이 생겼다면
점검부터",0,"07/28/2026 00:30",https://www.instagram.com/p/DbVAfSPEpdy/,"Instagram 슬라이드",,"전체 기간",348,781,10,0,0,0,8
17987165208034964,17841450824863436,drr__official,"따르릉통신 | 최초의 휴대폰성지","폰 바꿀 때
꼭 해야 하는 5가지

“폰을 바꿨는데
5년 치 사진이 없어졌어요”

새 폰을 받고서
사진도 없어지고
카카오톡 대화도 사라지고
앱 설정도 다 초기화되는 경우
꽤 많아요

폰 교체 전,
5가지만 체크하면 OK

① 카카오톡 백업
카카오톡 → 설정 → 채팅 → 대화 백업
* 백업 완료 화면 꼭 확인

② 사진·영상 클라우드 동기화
아이폰: 설정 → Apple ID →
iCloud → 사진 → 동기화 완료 확인

갤럭시: Google 포토 / OneDrive 앱에서
사진 백업 완료 여부 확인

③ 금융앱·인증서 이전
구 폰에서 먼저: 은행 앱 → 보안 매체 해제
(기기 변경 등록)

새 폰에서: 은행 앱 재설치
→ 새 기기로 재인증

은행 앱, 간편결제, 공동인증서,
OTP는 기기 변경 전
이전 방법을 확인 후 진행하세요

일부 앱은 새 폰에서
재인증이 필요할 수 있어요

④ 중요 앱 계정 비번 메모
⑤ 연락처는 구글 또는 iCloud에 동기화

이 5가지를 하신 후,
새 폰에서 사진, 카톡, 연락처까지
복원된 걸 확인한 후에
이전 폰을 공장 초기화하시는 걸
권장 드립니다

무작정 폰 바꾸지 말고
백업 & 동기화 완료
CHECK!",0,"07/24/2026 01:30",https://www.instagram.com/p/DbK0HupAY7c/,"Instagram 슬라이드",,"전체 기간",1167,4616,13,3,2,0,26
18116620993898843,17841450824863436,drr__official,"따르릉통신 | 최초의 휴대폰성지","모르는 번호 전화,
AI가 먼저 받아요

갤럭시, 아이폰 각 설정법

처음 보는 번호로 전화가 오면
“받아야 하나, 말아야 하나”
고민하게 되죠

보이스피싱 사건도
워낙 많이 일어나다 보니
조심해야 할 것 같은데
중요한 전화일 수도 있으니까요

그런데 이제는
AI가 먼저 받고, 알려주거나
통화 녹음을 요약해주는
시대가 됐어요

갤럭시 AI 통화 기능 설정법

▶️ 전화 앱 → 우측 상단 점 세 개 →
 설정 → AI 통화 ""전화 받기 대기"" ON

모르는 번호로 전화가 오면
AI가 자동으로 ""누구세요?"" 물어요
상대방 답변이 화면에 텍스트로
실시간 표시되며
화면을 보고 받을지 끊을지
결정하면 된답니다

- 갤럭시 S24 이상, One UI 6.1 이상에서 지원

아이폰 AI 통화 기능 설정법

▶️ 설정 → 앱 → 전화 →
 알 수 없는 발신자 스크리닝

통화 요건 묻기를 켜두면
전화가 울리기 전에
AI가 발신자에게 용건을 먼저 물어요

답변 내용을 확인한 후
받을지 말지 결정할 수 있죠

모르는 번호,
무조건 받지 마세요
AI에게 넘기세요",0,"07/23/2026 01:30",https://www.instagram.com/p/DbIPUUkDmDk/,"Instagram 슬라이드",,"전체 기간",604,6136,9,2,2,0,10
18122447128697362,17841450824863436,drr__official,"따르릉통신 | 최초의 휴대폰성지","매일 100% 충전? 
배터리 수명 깎여요

“분명 작년까지만 해도
하루는 거뜬히 버텼는데
요즘은 점심 때만 돼도
배터리가 없어요”

혹시 충전할 때마다
100% 풀로 가득 채우나요?
그럼 수명이 줄어들어요

스마트폰 배터리는
리튬 이온 방식으로
0%, 100%
이렇게 극단적인 사용이 반복되면
배터리가 빨리 노화돼요

20~80% 사이를 
유지하면서 사용하는 게 좋아요

1년 동안 배터리 충전을
비교해 보면,

100% 충전 시 ➡️ 약 80~85%
20~80% 충전 시 ➡️ 약 90~95%

같은 기간을 써도
지속 시간이 확연히 다르죠?

100% 충전하기보다는
80% 정도로 충전하면
오히려 스마트폰을 더 오래
쓸 수 있답니다

아이폰, 갤럭시 별로
80%~85% 정도로
최적화하여 충전할 수 있도록
설정법도 있으니 활용해 보세요
(각 스마트폰 ‘설정-배터리’를 확인해 보세요) 

충전만 잘해도
스마트폰 오래 써요",0,"07/22/2026 01:30",https://www.instagram.com/p/DbFqhzOlJLi/,"Instagram 슬라이드",,"전체 기간",574,7205,17,1,2,2,14
18124344400670403,17841450824863436,drr__official,"따르릉통신 | 최초의 휴대폰성지","오래 쓴 폰,
정 들어서 못 바꾸나요?

휴대폰은
오래 쓸수록
그냥 기계가 아니게 됩니다

처음엔 새 폰이었는데,
어느 순간부터
내 일상의 전부가 되죠

몇 년 치 사진
가족과 나눈 대화
자주 가는 길의 지도
자주 쓰는 앱
…

우리는 생각보다 많은 걸
작은 화면 하나에
맡기고 살고 있습니다

그래서 휴대폰이 오래돼도
바로 바꾸지 못하는 분들이
많아요

혹시 사진이 사라질까 봐
대화가 모두 날아가버릴까 봐
새 폰에 적응하지 못할까 봐
…

휴대폰을 바꾸지 못하는 건
내 일상이 흔들릴 수도
있다는 불안 때문일 지도
모릅니다

그래서
폰을 바꿀 때
가격보다도

내 데이터가 잘 옮겨지는지
내가 쓰던 방식을
그대로 이어갈 수 있는지

새 폰으로
옮겨가는 과정을
더 중요하게 보는
시대일 수도 있겠습니다",48,"07/22/2026 00:30",https://www.instagram.com/reel/DbFjsFQgawz/,"Instagram 릴스",,"전체 기간",9154,8324,10,0,0,0,5
18112547680743778,17841450824863436,drr__official,"따르릉통신 | 최초의 휴대폰성지","요즘 AI 폰,
이 기능 모르면 손해

요즘 출시되는 스마트폰은
AI 폰으로 예전과는 다르게
활용 범위가 넓어졌어요

그만큼 가격도 비싸졌죠

그렇게 비싸게 산 스마트폰,
예전과 다름없이 쓰고 계시나요?

쉽게 쓸 수 있는 AI 기능을
갤럭시, 아이폰 별로
소개해 드릴게요

갤럭시 AI 팁

① 실시간 통역 전화
외국인과 통화할 때
AI가 실시간으로 번역해줍니다

▶️ 전화 앱 → 통화 중 ‘통역’ 버튼 탭

② 문자·카카오톡 요약
긴 단톡방 내용을 AI가 3줄로 요약해줍니다

▶️ 채팅방 → 우측 상단 요약 아이콘 탭

③ 사진 AI 편집
사진 속 불필요한 사람·물체를
자동으로 지워줍니다

▶️ 갤러리 → 사진 선택 →
 연필 아이콘 → AI 지우개

애플 인텔리전스 팁
(아이폰 15pro 이상)

① 사진 AI 정리
예를 들어 ""딸 운동회 사진 찾아줘""
말하면  AI가 찾아줍니다

▶️ 사진 앱 → 검색창에 자연어로 입력

② 알림 요약
쏟아지는 앱 알림을
AI가 중요도 순으로 정리해줍니다

▶️ 설정 → Apple Intelligence
 → 알림 우선순위 설정

③ Siri로 앱 간 실행

▶️ ""카카오톡에서 받은 사진을
  메모에 붙여줘"" 같은 명령을
  실행시킬 수 있어요

이 TIP들만 써도
스마트폰 값
아깝지 않아요",0,"07/21/2026 01:30",https://www.instagram.com/p/DbDFu_3DQ16/,"Instagram 슬라이드",,"전체 기간",781,4785,10,0,1,0,9
17957704043982658,17841450824863436,drr__official,"따르릉통신 | 최초의 휴대폰성지","해외여행 시 필수
스마트폰 설정 TIP

해외여행 시
데이터 요금 폭탄 막고,
데이터 안 될 때를
대비할 수 있는
스마트폰 설정 꿀팁을
알려드릴게요

✅ 데이터 로밍은 먼저 꺼두기
해외 도착 후, 자동으로 로밍 데이터가
잡혀버리면  생각보다 요금이 많이 나올 수 있어요

아이폰
설정 → 셀룰러 → 셀룰러 데이터 옵션 → 데이터 로밍 OFF

갤럭시
설정 → 연결 → 모바일 네트워크 → 데이터 로밍 OFF

✅ eSIM은 출국 전에 미리 설치하기

요즘 해외에서는
현지 유심보다 eSIM을 많이 써요
다만 eSIM을
현지에서 급하게 설치하려면
와이파이 연결이 안 되거나
로밍 데이터를 쓰게 될 수 있어
국내에서 미리 설치하는 게 좋아요

✅ 자동 업데이트와 사진 백업 꺼두기

해외에서는 데이터가
제한적인 경우가 많아요
앱 자동 업데이트,
클라우드 사진 백업 등이
켜져 있으면 불필요하게
데이터를 쓰게 될 수 있어요

- 출국 전에 숙소 주변, 주요 동선,
공항 경로 등 지도를
미리 다운로드 해두면 데이터 절약 가능

✅ 휴대폰 찾기 설정 켜두기

해외여행 중 가장 곤란한 상황은
휴대폰을 잃어버리는 일이죠

출국 전에 반드시 휴대폰 찾기 설정을 해두세요

아이폰
설정 → Apple 계정 → 나의 찾기 → 나의 iPhone 찾기 ON

갤럭시
설정 → 삼성 계정 → 내 디바이스 찾기 ON

여러분이 알고 있는
해외여행 스마트폰 팁도
공유해 주세요",0,"07/20/2026 01:30",https://www.instagram.com/p/DbAg8A7jRfQ/,"Instagram 슬라이드",,"전체 기간",1041,4764,21,1,2,0,25
18207658798350959,17841450824863436,drr__official,"따르릉통신 | 최초의 휴대폰성지","SKT 유심 번호
지금은 안전할까?

2025년 4월,
SKT에서 대규모 해킹이 있었죠

가입자 2,500만 명의
유심 정보가 유출되면서
복제 유심 위기에 대한
경각심이 켜졌습니다

그 후 1년,
여러분의 번호는 안전한 상태일까요?

유심 복제가 되면?

✅ 내 번호로 전화 수신, 발신 가능
✅ 금융 인증 문자가 범죄자에게 전달
✅ 모바일 뱅킹, 카카오페이 등
  금융액 탈취 가능

여러분의 신용정보가 유출되고
범죄에 연루될 수 있어요

SKT의 경우
대규모 해킹 사건 이후
전 가입자에게 유심보호서비스를
작동 적용하였습니다

따라서 내 유심과 내 기기를 하나로 묶어
다른 기기에 유심을 꽂아도
사용불가 처리되죠

다만,

▶️ 유심보호서비스 적용 여부 확인
▶️ 최근 모르는 기기에서 로그인 알림시 
  즉시 신고
▶️ 번호이동 예정이라면 
  유심보호서비스 해제 후 진행

꼭 체크하시기 바랍니다

물론 KT, LG U+ 가입자 분들도
꼭! 통신사 유심보호서비스를 확인하세요

내 번호 보안
생각났을 때
지금 바로 CHECK!",0,"07/17/2026 01:30",https://www.instagram.com/p/Da4yjUvgTI9/,"Instagram 슬라이드",,"전체 기간",498,5842,7,0,2,1,9
18099924005182056,17841450824863436,drr__official,"따르릉통신 | 최초의 휴대폰성지","내게 유리한 요금제
통신사가 먼저 알려줌

올해 10월부터
‘최적요금제 고지 제도’가
시행될 예정입니다

♦️
최적요금제 고지 제도란?

내 사용패턴을 분석해
더 유리한 요금제가 있으면
통신사가 의무적으로 먼저
알려야 하는 제도입니다

지금까지는 요금제를 바꾸기 위해
직접 발품을 파는게
보다 확실한 방법이었죠

바쁜 직장인 분들은 사실
그냥 추천하는 요금제를 쓰거나
기존 요금제를 계속 유지하게 되고
그 때문에 매달 필요 이상의
요금을 내는 경우도 많았고요

정부가 이를 바로 잡기 위해
최적요금제 고지 제도를 만든 것입니다

다만 최적요금제 고지 제도가 시행되기 전,
한 번쯤은 통신사 앱이나, 매장에서
내 월 평균 데이터 사용량을 확인하고
현재 요금제가 사용량에 맞는지
약정 종료일은 언제인지
먼저 챙기시는 게 좋겠습니다

10월 전에
나에게 맞는 요금제를
쓰고 있는지 확인하려면?
따르릉통신으로!",0,"07/17/2026 00:30",https://www.instagram.com/p/Da4rsGygeN0/,"Instagram 슬라이드",,"전체 기간",628,5992,3,0,2,0,3
18127085029648969,17841450824863436,drr__official,"따르릉통신 | 최초의 휴대폰성지","모바일 주민등록증
사라진다고? NO!

최근 행정안전부에서
주민등록증 모바일 확인서비스를
재검토해본다는 소식이 전해졌어요

AI 문제로 인해
가짜 신분증 화면, 위조 앱이
늘어나면서 안전에 대해
지적이 이어지고 있기 때문이죠

이러한 소식 때문에
모바일 주민등록증이
사라지는 것 아니냐고 하시는데
아닙니다!

행정안전부가 검토하고 있는 건
‘주민등록증 모바일 확인서비스’로
모바일 주민등록증은 이와 다릅니다

주민등록증 모바일 확인서비스는
정부24나 PASS앱에서
주민등록증 정보를
스마트폰 화면과 QR로 보여주는
확인 수단입니다

편의점이나 주점 등에서 신분을
확인하는데 쓰였죠

반면, 모바일 주민등록증은
법정 신분증으로 실물 주민등록증과
같은 효력을 가집니다

보안 기술이 적용되어 있고,
관공서나 금융기관에도
사용 가능한 공식 신분증입니다

모바일 주민등록증은 사라지지 않아요!

주민등록증 모바일 확인서비스
폐지되면 불편해질까요?",0,"07/16/2026 01:30",https://www.instagram.com/p/Da2Nx3mgif7/,"Instagram 슬라이드",,"전체 기간",436,6127,8,0,0,0,8
18120646318734221,17841450824863436,drr__official,"따르릉통신 | 최초의 휴대폰성지","아이폰도
드디어 접힌다!
애플 최초의 폴더블 출시 예정

애플 최초의 폴더블 아이폰이
올 하반기 출시됩니다

이름: 아이폰 폴드 (iPhone Fold)
형태: 갤럭시 Z Fold처럼 책처럼 접히는 방식
예상 출시: 2026년 9월

아이폰 폴드는
✔️ 펼쳤을 때 7.7~7.8인치 (태블릿 수준)
✔️ 접었을 때 5.5인치 외부 화면 탑재
✔️ 경쟁사보다 얇고 가볍게 설계
✔️ 주름 최소화 목표

라고 전해지고 있습니다
그렇다면 가격대는 어떻게 나올까요?

✔️ 예상 가격: 약 2,000~2,500달러
✔️ 한화 기준 약 290~360만 원 예상

갤럭시 Z Fold7이
약 260~300만 원인 것을 감안하면
비슷하거나 더 높은 가격으로
책정될 가능성이 있습니다

아이폰 폴더블
과연 흥행할까요?",0,"07/16/2026 00:30",https://www.instagram.com/p/Da2G5AmDBmA/,"Instagram 슬라이드",,"전체 기간",437,8673,12,7,1,0,4
18132364969613186,17841450824863436,drr__official,"따르릉통신 | 최초의 휴대폰성지","갤럭시 문자앱
사라진다?!

최근
“삼성 메시지가 종료된다”는
이야기가 있어요

미국에서는 실제로
삼성 메시지 앱 종료 알림과 함께
갤럭시 사용자들에게
구글 메시지로 전환하라는
안내가 공식적으로 올라왔습니다

그렇다면 한국은?

일단 삼성 미국 공식 안내에는
US Market Only라고
나와있어 한국에서는
문자앱을 계속 쓸 수 있습니다

다만, 최신 갤럭시에서는
구글 메시지가 기본 문자앱을
대체하여 자리잡고 있어
미국처럼 문자앱이 사라질 수도
있다는 전망이 나오고 있어요

문자앱을 대체하고 있는 구글 메시지는
읽음 확인, 입력 중 표시,
고화질 사진, 영상 전송 같은 기능을
지원하고 있어요

따라서,
문자 앱만큼 활용도가 높을 것으로 보입니다

다음 포스팅에서
왜 삼성이 구글 메시지로 바꾸는지에 대한
이야기를 해볼게요!

여러분은 
구글 메시지 
써보셨나요?",0,"07/15/2026 01:30",https://www.instagram.com/p/Dazo9mEDElG/,"Instagram 슬라이드",,"전체 기간",2379,7290,19,11,3,3,5
18084342998188858,17841450824863436,drr__official,"따르릉통신 | 최초의 휴대폰성지","소개팅보다 떨리는
휴대폰 바꾸는 날

“휴대폰 바꾸러 가는 날은
괜히 조금 긴장됩니다”

분명 내 돈 주고
내 폰을 바꾸는 일인데
매장에 들어가면 뭘 물어봐야 할지 
모르겠거든요

기기값, 요금제
약정, 할인, 부가서비스
…헷갈리는 말들

게다가 어떻게 사야
저렴하게 살 수 있는지
도통 모르겠어요”

휴대폰 사는 일,
단순하지는 않기 때문에
잘 알아보셔야 하죠

속지 않으려면
딱 이 3가지만 체크하세요

✔️ 할부원금
✔️ 반납 조건, 장기 할부 등
✔️ 요금제 (유지 조건)

매장에서 예스만 하지 마시고
꼼꼼히 따져 물어보세요

이것저것 묻기 힘들다면
눈속임하지 않고
저렴하게 휴대폰
판매하는 곳을 찾으세요!",39,"07/15/2026 00:31",https://www.instagram.com/reel/DaziKgXDHc_/,"Instagram 릴스",,"전체 기간",5125,4724,7,0,3,0,4
18086079587431194,17841450824863436,drr__official,"따르릉통신 | 최초의 휴대폰성지","가족의 휴대폰 구매
뭐부터 보라고 할까?

따르릉통신 직원들에게 
물어봤습니다

“내 가족이 휴대폰을 사러 간다면
제일 먼저 뭐부터
보라고 하실 건가요?”

따르릉통신 점장 
“가장 먼저 볼 것은
광고 가격이 아니라 계약서입니다

☑️ 휴대폰 가격
☑️ 요금제
☑️ 부가서비스
☑️ 약정 기간
☑️ 월 납부 금액까지

계약서에 적힌 조건을
모두 확인한 뒤 결정하라고 할 것 같아요”

따르릉통신 판매사원
“매장이 제시하는 혜택보다
내가 실제로 받을 수 있는 혜택은 뭔지
먼저 확인하라고 말할 것 같습니다

☑️ 사은품
☑️ 상품권
☑️ 카드 할인
☑️ 추가 지원 혜택

좋아 보이는 혜택일수록
적용 조건을 꼭 확인해야 합니다”

따르릉통신은 
고객님이 헷갈리지 않도록
계약서와 혜택 조건을
하나씩 함께 확인해드립니다

가족에게 소개해도
불안하지 않은 구매가 될 수 있도록요

휴대폰 구매
계약서부터 혜택까지
꼭 확인!",0,"07/03/2026 01:30",https://www.instagram.com/p/DaUvbP2E6gm/,"Instagram 슬라이드",,"전체 기간",704,6806,4,0,1,0,2
18116796760842597,17841450824863436,drr__official,"따르릉통신 | 최초의 휴대폰성지","Q. 휴대폰 계약서를 볼 때
꼭 확인해야 하는 건?

휴대폰 계약서를 볼 때
많은 분들이 가장 먼저 보는 건
월 납부금입니다

“한 달에 얼마 나와요?”

그런데 계약서에서
정말 먼저 확인해야 하는 건
따로 있습니다

바로 할부원금입니다 

할부원금은
내가 실제로 휴대폰 기기값으로
얼마를 부담하는지 보여주는 금액이에요

쉽게 말하자면,
휴대폰 가격에서 할인이 적용된 뒤
남은 기기값이라고 볼 수 있습니다

월 요금은
저렴하게 보이게 만들 수 있는
방법이 있습니다

요금제 조건, 부가서비스
제휴카드 할인, 기기 반납 조건
긴 할부 기간
이런 요소들을 섞어서
겉으로 보이는 월 납부금이
낮아보이게끔 만들죠

하지만 할부원금은 다릅니다

실제로 기기값 할인이 들어가야
낮아질 수 있는 금액이기 때문이에요

그래서 상담 때 안내받은 금액과
계약서에 적힌 할부원금이 같은지
꼭 확인해야 합니다

휴대폰 계약서에서 확인할 것

① 할부원금
  안내받은 기기값이 맞는지

② 요금제
  몇 개월 유지 조건이 있는지

③ 부가서비스
  안내받지 않은 서비스가 들어가 있지 않은지

이 세 가지는
계약 전에 꼭 확인해보세요

휴대폰 구매
할부원금부터
CHECK",0,"07/02/2026 01:30",https://www.instagram.com/p/DaSKpkpgnCj/,"Instagram 슬라이드",,"전체 기간",457,6415,6,0,0,0,11
18121992181674241,17841450824863436,drr__official,"따르릉통신 | 최초의 휴대폰성지","유심 바꿨다가
사진 삭제? 걱정 NO

휴대폰 바꾸실 때
가장 많이 걱정하시는 부분 중
하나가 바로

“유심 바꾸면
사진이랑 데이터
날아가는 거 아니에요”

특히 부모님 세대 분들이
이 부분을 많이 걱정하시더라고요

유심을 바꾼다고 해서
사진이나 앱 데이터가
사라지는 건 아니에요

사진, 동영상, 카카오톡,
앱, 메모 같은 데이터는
대부분 휴대폰 저장 공간 또는
클라우드 계정에 저장되어 있어요

유심은
통신사 회선 연결을 위한 카드로
유심을 교체하면
통화, 문자, 모바일 데이터 연결이
바뀌는 거예요

다만,
예전 오래된 휴대폰이거나
연락처 저장 위치를 유심으로 해둔 경우
일부 연락처가 유심에
남아있을 수는 있어요

휴대폰 교체 전 이것만 확인하세요

✔️ 사진은 백업이 되어 있는가?
✔️ 카카오톡 대화 백업은 했는가?
✔️ 연락처 저장 위치는 어디인가?
✔️ 인증서와 은행 앱 이전이 필요한가?

유심 때문에 데이터가 날아가진 않지만
휴대폰을 바꾼다면
백업 확인은 꼭 해두시기 바랍니다

휴대폰 교체,
헷갈리는 부분은
언제든 따르릉통신에서",0,"07/01/2026 01:30",https://www.instagram.com/p/DaPl1ZEDVFU/,"Instagram 슬라이드",,"전체 기간",746,6013,11,0,2,0,11
17946564183210908,17841450824863436,drr__official,"따르릉통신 | 최초의 휴대폰성지","멀미한다면 갤럭시 쓰세요
feat. Hearapy 앱

최근 삼성전자에서
멀미 없이 편안하게 여행할 수 있는
Hearapy(히어라피) 앱을 
선보였어요

히어라피는
소리로 멀미를 잠재우는 앱이에요

멀미가 느껴질 때
이어폰을 낀 상태에서
히어라피 앱을 실행해서
저주파 사운드를 
재생시키기만 하면 되죠

약 1분간 100Hz
저주파 사운드를 듣게 되면
내이의 전정기관을 자극해
최대 2시간 동안은
멀미 증상이 억제된다고 합니다

히어라피 앱은
구글 플레이스토어에서
무료로 다운로드 받으실 수 있어요

멀미가 잘 나지만
약 먹는 게 꺼려지셨다면
앱 도움을 받아보셔도 좋을 것 같아요

멀미도 이제
기술로 해결하는 시대",0,"06/30/2026 01:30",https://www.instagram.com/p/DaNBChqFAUJ/,"Instagram 슬라이드",,"전체 기간",1371,6791,27,12,3,0,12
18121428811801992,17841450824863436,drr__official,"따르릉통신 | 최초의 휴대폰성지","실시간 스포츠 중계
애플 무료 스포츠앱

애플이
스포츠 매니아들을 위한
무료 스포츠앱을 
깜짝 출시했어요

실시간으로
스코어는 물론 경기 통계까지
직관적으로
볼 수 있게 만들었어요

최근 월드컵 경기에서는
대진표부터 라인업,
조 편성, 스코어까지
초 단위로 제공하면서
눈길을 끌었답니다

축구만이 아니라
테니스, NBA, MLB 등
좋아하는 팀 또는 리그를
팔로우해서 정보를 볼 수 있죠

한국에서도
무료로 사용할 수 있고,
아이폰은 물론
아이패드, 맥북까지
모두 지원하며

배경화면에 위젯으로 등록해서
실시간으로 경기 결과를
볼 수 있어요

여러분이 잘 쓰고 있는
애플 무료 앱은 무엇인가요?",0,"06/29/2026 01:30",https://www.instagram.com/p/DaKcPm8D5Te/,"Instagram 슬라이드",,"전체 기간",1219,6239,6,1,0,0,2
17865441966587347,17841450824863436,drr__official,"따르릉통신 | 최초의 휴대폰성지","이번 iOS 27
3, 40대는 꼭 주목

3,40대 분들은
iOS 업데이트가 마냥 편하지는 않죠

그래서 업데이트를 할까말까
고민하는 분들이 많더라고요

그런데 이번
iOS 27 업데이트는
3,40대 분들이 주목해 볼만해요

변화 ①
폰이 눈에 띄게 빨라집니다

사진 불러오기 70% 빠르게
AirDrop 전송 80% 빠르게

iOS 27에서 성능이 대폭 개선되면서
오래된 아이폰을 쓰고 계신 분들은
업데이트 후 체감 차이가 클 수 있습니다

변화 ②
아이 스마트폰 관리가 쉬워집니다

30~40대 부모라면
더욱 이번 업데이트를 살펴보세요

iOS 27에서는
자녀 기기 보호 기능이 강화됐거든요

누구에게 전화할 수 있는지 직접 지정 가능
어떤 앱·사이트를 쓸 수 있는지 설정 가능
13세 미만 기기는 기본값으로 제한이 적용돼요

iOS 27 업데이트,
내 폰이 지원되는지 먼저 확인하세요

iOS 27 업데이트 가능: 아이폰 11 이상
Siri AI 사용 가능: 아이폰 15 Pro 이상, 아이폰 16 전체
고급 AI 기능: 아이폰 17 Pro 이상

iOS 27 업데이트,
여러분은 어떤 걸
기대하고 계시나요?",0,"06/26/2026 01:30",https://www.instagram.com/p/DaCt3GNgZVg/,"Instagram 슬라이드",,"전체 기간",311,8230,6,4,0,0,3
17997225185974617,17841450824863436,drr__official,"따르릉통신 | 최초의 휴대폰성지","직장인이 쓰면
좋은 Siri 사용법
feat. iOS 27 업데이트

직장인 분들, 솔직히 Siri
잘 쓰고 계셨나요?

질문하면 이상한 대답하고,
복잡한 건 아예 못 하고
’그냥 직접 하는 게 빠르다’는
생각이 드셨다면,

이번 iOS 27의 Siri에 주목해 주세요

업데이트된 Siri는
내 폰 안 데이터를 직접 찾아줘요

""지난달에 저장한 계약서 찾아줘""
""○○ 거래처에서 받은 메일 요약해줘""
""지난주에 찍은 영수증 사진 꺼내줘""

메일·사진·파일을 직접 찾아서 답해주죠

폰 안을 대신 검색해주는
비서 역할을 할 수 있답니다

또한 카메라와의 연동이 되었다는 점도
Siri 업데이트에서 눈여겨 볼 부분이에요

명함을 비추면 → 연락처로 바로 저장
메뉴판을 비추면 → 번역·정보 제공
서류를 비추면 → 내용 요약

일을 조금 더 빠르게, 간편하게
처리할 수 있게 됐죠

직장인의 개인 비서
Siri, 여러분은
어떻게 활용하고 계시나요?",0,"06/25/2026 01:30",https://www.instagram.com/p/DaAJEm4ip_X/,"Instagram 슬라이드",,"전체 기간",444,6424,7,0,0,0,5
18113046664918973,17841450824863436,drr__official,"따르릉통신 | 최초의 휴대폰성지","아이 생기고 나서
꽉 찬 메모리 해결법

아이가 생기고 나서
휴대폰이 자꾸 느려지고
앱이 튕기고,
사진이 잘 안 찍힌다는 분들이 있습니다

아이 사진이 폰을 가득 채우면서
생각보다 빠르게
폰 메모리가 꽉 차게 되죠

사진 1장: 평균 3~5MB
영상 1분: 평균 150~300MB

아이 생후 1년만 해도
사진 수천 장은 기본입니다
128GB 폰도 2~3년이면 가득 차죠

저장공간이 90% 이상 차면
폰 전체 성능이 눈에 띄게 느려집니다

이때에는 응급으로
공간을 확보하는 방법을 써보세요

① 구글 포토 자동 백업 설정
② 아이폰 iCloud 최적화 저장 켜기

사진을 클라우드에 올리고 폰에서 삭제해도
언제든 다시 꺼낼 수 있죠.
폰엔 작은 파일을 저장하고
원본은 클라우드에 저장할 수 있어서
용량 확보에도 효과적입니다

그래도 계속 폰 메모리가 부족하다면
카카오톡도 체크해보세요

아이 사진 단톡방, 가족 카톡빙에
사진이 몇 년째 쌓여 있을 수 있어요

카카오톡 → 설정 →
개인/보안 → 사진/동영상 자동저장 끄기

이것만 해도 용량을 꽤 많이 확보할 수 있어요

아이 사진은
지울 수 없으니까
메모리부터 정리해보세요",0,"06/24/2026 01:30",https://www.instagram.com/p/DZ9kRGRDxMZ/,"Instagram 슬라이드",,"전체 기간",397,5430,7,0,0,1,12
18168675274427808,17841450824863436,drr__official,"따르릉통신 | 최초의 휴대폰성지","비싼 요금제를 써야
가격이 저렴해질까?

휴대폰을 구매할 때
’높은 요금제를 써야 더 저렴하다’
라는 말을 한 번쯤 들어보셨을 거예요

하지만 중요한 건
요금제만 보는 게 아니라
기기값 할인까지 함께 보는 것입니다

프리미엄 모델의 경우
출고가 자체가 높기 때문에
일정 기간 높은 요금제를 사용한 뒤
낮은 요금제로 낮추는 방식이
더 유리할 수 있습니다

요금제를 높게 쓰는 대신
기기값에서 더 큰 할인을
받을 수 있기 때문입니다

즉, 핵심은
‘비싼 요금제를 계속 써야 한다’가 아니라
필수 유지기간 동안의 요금제 비용과
그로 인해 줄어드는 기기값을
함께 계산해보는 것입니다

총 비용으로 봤을 때
프리미엄 휴대폰을 더 합리적으로
구매할 수 있는 경우도 있어요

반대로
비싼 휴대폰이 필요하지 않거나
높은 요금제를 원하지 않는 분들도 있습니다

이런 경우에는
저렴한 요금제에 맞춰
기기값 부담이 적은 모델로
진행하는 방법도 충분히 가능합니다

결국 휴대폰은
무조건 높은 요금제가 정답도 아니고
무조건 낮은 요금제가 정답도 아닙니다

내가 원하는 기종, 데이터 사용량,
월 납입 가능 금액에 따라
유리한 조건이 달라질 수 있습니다

휴대폰 구매 전에는
요금제만 보지 말고
총 구매 조건까지 꼭 확인하세요",0,"06/23/2026 01:30",https://www.instagram.com/p/DZ6_e2Kl1B_/,"Instagram 슬라이드",,"전체 기간",474,5823,4,0,1,0,4
17955312248979697,17841450824863436,drr__official,"따르릉통신 | 최초의 휴대폰성지","Q. 기기 반납 조건은
무조건 피해야 하나요?

휴대폰을 구매할 때
“2년 뒤 반납하면 남은 할부금을 줄여드려요”
라는 조건을 들을 때가 있습니다

겉으로 보면
월 납입금이 낮아 보여서
좋은 조건처럼 느껴질 수 있어요

하지만 반납 조건은 보통
48개월 할부로 개통한 뒤
24개월이 지났을 때
기존 휴대폰을 반납하고
남은 할부금을 일부 줄여주는 방식입니다

즉, 
장기 할부 구조인 거죠 

문제는 반납이
무조건 되는 게 아니라는 점입니다

휴대폰 상태에 따라
반납이 거부될 수 있고
액정 파손, 외관 흠집, 기능 이상 등이 있으면
차감 금액이 생길 가능성도 큽니다

결국 내가 생각했던 혜택을
그대로 받지 못할 수 있어요

참고로, 48개월 장기할부는
월 납입금이 낮아 보이게 만들 수 있지만
할부 기간이 길어지는 만큼
할부이자를 더 내게 될 수 있습니다

그래서 실제로는
싸게 산 게 아닐 수 있어요

기존 휴대폰을 처분하고 싶다면
반납조건으로 구매하기보다

새 휴대폰 구입 후
기존 휴대폰을 초기화하고
중고로 판매하는 방법을 
고려해보시면 좋겠습니다

휴대폰 구매는
할부원금과 조건부터
꼭 CHECK",0,"06/22/2026 01:30",https://www.instagram.com/p/DZ4ar2xDWYd/,"Instagram 슬라이드",,"전체 기간",299,5938,8,1,0,0,5
18444117256191332,17841450824863436,drr__official,"따르릉통신 | 최초의 휴대폰성지","휴대폰 판매점에서
꼭 물어봐야 하는 질문 5
따르릉통신 직원이 알려드리는 TIP

휴대폰 구매하러 가실 때
판매점에 꼭 물어봐야 하는 
손해 안 보는 질문!
따르릉통신 직원이 직접 
5가지 꼽아서 알려드릴게요

이 질문만큼은 꼭 하셔서
현명한 휴대폰 구매하셨으면 좋겠어요

따르릉통신 직원이 꼽은,
판매점에서 꼭 해야 하는 질문 5

1. 통신사를 이동하는 게 나은가요?
 그대로 쓰는 게 나은가요?

2. 기기값은 얼마이고,
 그에 따른 조건은 어떻게 되나요?

3. (할부로 구매 시) **개월 할부가 맞나요?

4. 기기 반납 조건이 포함되어 있나요 ?

5. 선택약정과 공통지원금 중
  어느 조건으로 진행되는 건가요 ?

휴대폰 구매,
물어봐야 싸게 살 수 있어요",0,"06/19/2026 01:30",https://www.instagram.com/p/DZwsSpbD145/,"Instagram 슬라이드",,"전체 기간",2088,5475,5,0,0,0,7
18118762168765449,17841450824863436,drr__official,"따르릉통신 | 최초의 휴대폰성지","이건 모르셨을 걸요?
갤럭시 활용 시리즈 2탄

지난 
갤럭시 활용 시리즈 1탄에 이어

배터리 보호 &
공유 기능에 관한
꿀팁을 알려드릴테니
지금 바로 설정해보세요

①
배터리 보호 기능
설정 > 배터리 > 배터리 보호
설정 > 디바이스 케어 > 배터리 > 배터리 보호

→ 충전 상한을 선택해서
  배터리를 보호해주는 기능이랍니다

②
빠른 공유 기기 표시 끄기
화면 오른쪽 상단 아래로 내려 퀵 패널 열기 > 블루투스 ON > 퀵 패널 한 번 더 내리고 Quick Share 누르기 > ‘공유 받지 않음’으로 설정

→ 주변 기기에 내 휴대폰이 보이지 않도록
  수신 범위를 제한해줘요

여러분이 잘 쓰고 있는
갤럭시 활용팁이 있다면
공유해주세요

사진 출처: 삼성전자 공식 홈페이지",0,"06/18/2026 01:30",https://www.instagram.com/p/DZuHg2gAq6s/,"Instagram 슬라이드",,"전체 기간",3900,5807,15,0,16,0,27
18332303530270137,17841450824863436,drr__official,"따르릉통신 | 최초의 휴대폰성지","전화 중에 앱 설치
하라고 하면 끊으세요

보이스피싱 예방법

“확인하려면 앱을 설치하세요”
“원격제어 앱을 켜주세요”
“화면 공유를 허용하세요”
“보안 설정을 바꿔야 합니다”

전화 중 이런 말을 들었다면
바로 의심해야 합니다

요즘 사기 전화는
처음부터 돈을 보내라고 
하지 않습니다

앱을 설치하게 만들고
화면을 공유하게 하고
접근 권한을 열게 만든 뒤
정보를 빼가는 방식이 많아요

특히 전화 중에
☑️ 출처 모르는 앱 설치
☑️ 원격제어 앱 실행
☑️ 접근성 권한 허용
☑️ 화면 공유
☑️ 은행 앱 실행 후 인증·이체 요구

이런 말을 한다면
보이스피싱을 무조건 의심해보셔야 해요

이럴 때는
설명을 더 듣기보다
전화를 먼저 끊는 게 안전합니다

그리고 공식 앱이나
대표번호를 직접 검색해서
다시 확인해 보세요

진짜 기관이라면
전화 중에 급하게 앱을 깔라고
재촉하지 않습니다

🚨 부모님께도 꼭 알려드리세요

보이스피싱 사기는
미리 정보를 알아둬야
예방할 수 있어요",0,"06/17/2026 01:30",https://www.instagram.com/p/DZritLyktbj/,"Instagram 슬라이드",,"전체 기간",463,5585,7,2,0,0,6
18080242196216345,17841450824863436,drr__official,"따르릉통신 | 최초의 휴대폰성지","Q. 같은 폰인데 오프라인이
더 저렴할 수 있나요?

네, 저렴해질 수 있습니다!

휴대폰은 같은 기종이라도
어디서, 어떤 조건으로
개통하느냐에 따라
실제 부담 금액이 달라질 수 있습니다

그래서 단순히
“온라인이라서 무조건 저렴하다”라고
생각하시면 오히려 손해 볼 수도 있어요

실제로 온라인이나 전화로
구매하신 뒤 따르릉통신 매장에 오셔서

“생각보다 너무 비싸게 샀어요”
“설명 들은 조건이랑 달라요”

라고 말씀하시는 고객님들도 있었어요

처음 안내받은 금액과
실제 개통 조건이
다르게 느껴지는 경우가 있답니다

휴대폰을 저렴하게 구매하고 싶으시다면?

오프라인 매장에서
기기값, 조건을 직접 비교해 보시고
(공통지원금, 월 납부금, 약정 기간, 부가서비스 조건 등)
개통해 보시는 걸 권장드려요

휴대폰 구매,
온라인이 무조건 저렴한 건
아니에요",0,"06/16/2026 01:30",https://www.instagram.com/p/DZo96e5jPVW/,"Instagram 슬라이드",,"전체 기간",960,5436,3,0,0,0,3
17975960832047772,17841450824863436,drr__official,"따르릉통신 | 최초의 휴대폰성지","부모님 요금제,
아직도 예전 그대로?

부모님은 휴대폰을
많이 쓰지 않는다고 하시는데
막상 요금제는 효율성 떨어지는 
높은 금액을 내고 계신 경우가 있습니다

실제로
따르릉통신에 찾아오시는
부모님 세대 분들을 보면
필요도 없는 데이터 요금제를 쓰시거나
데이터를 쓴 만큼 내서 
요금이 많이 나가는 경우가 많더라고요

최근 요금제는
LTE와 5G 구분을 줄이고,
데이터 제공량과 속도 기준으로
고르는 방향으로 바뀌고 있습니다

2만 원대 저가 요금제와
데이터 안심옵션도 함께 확대되고 있죠

부모님이 주로 쓰는 기능이
전화, 문자, 카톡, 
지도 보기 등 간단한 검색 정도인지

유튜브를 오래 보시거나
영상통화를 자주 하시는지
먼저 살펴보는 게 중요합니다

무조건 데이터 요금제를 낮추는 게 아니라
사용 습관을 먼저 살펴보신 후에
상담 받는 것이 좋아요

부모님 휴대폰 요금제,
지금 바로 체크해보세요",0,"06/15/2026 01:30",https://www.instagram.com/p/DZmZHmEgaZ5/,"Instagram 슬라이드",,"전체 기간",640,5941,4,0,0,0,4
17857555902661534,17841450824863436,drr__official,"따르릉통신 | 최초의 휴대폰성지","AI 기능, 무조건
다 쓸 필요 없어요

갤럭시와 아이폰 모두
AI 기능이 계속 추가되고 있죠

그런데 이러한 AI 기능은
배터리와 데이터를 빨리
닳게 하기도 하는 만큼
필요한 부분만 켜두는 게 좋아요

AI 기능은 크게 두 종류입니다

① 편의 기능형
사진 자동 보정, 통화 녹음 요약,
텍스트 추출, 실시간 번역 등
일상에서 실질적으로 도움이 되는 기능

② 데이터 분석 동반형
사용 습관, 일정, 위치, 앱 사용 흐름 등을 
바탕으로 오늘의 정보나 추천을 
보여주는 기능

갤럭시: 설정 > Galaxy AI
아이폰: 설정 > Apple Intelligence 및 Siri
에 들어가면 내가 쓰고 있는 
AI 기능들을 확인해볼 수 있어요

→ 실제로 쓰는 기능만 켜두는 것을 추천합니다

나한테 맞는 AI 기능만 ON
스마트하게 사용하세요",0,"06/10/2026 01:30",https://www.instagram.com/p/DZZhItfGlZK/,"Instagram 슬라이드",,"전체 기간",766,5976,3,0,2,0,2
18106217573473058,17841450824863436,drr__official,"따르릉통신 | 최초의 휴대폰성지","이건 모르셨을 걸요?
갤럭시 활용 시리즈 1탄

갤럭시를 수년째 쓰고 있어도
이 설정들은 모르는 경우가 많더라고요

편하게 쓸 수 있는 조작 모드 설정법
딱 2가지를 알려드릴테니
지금 바로 설정해보세요

①
한 손 조작 모드
설정 > 유용한 기능 > 한 손 조작

→ 큰 화면에서도
  엄지 하나로 편하게 조작할 수 있어요

②
측면 버튼 이중 클릭 커스텀
설정 > 유용한 기능 > 측면 버튼

→ 자주 쓰는 앱을 빠르게 열 수 있어요

여러분이 잘 쓰고 있는
갤럭시 활용팁이 있다면
공유해주세요",0,"06/09/2026 01:30",https://www.instagram.com/p/DZW8WLTDQlk/,"Instagram 슬라이드",,"전체 기간",1487,4046,11,0,3,0,11
17986087433830553,17841450824863436,drr__official,"따르릉통신 | 최초의 휴대폰성지","중고폰 팔기 전
이건 꼭 지우셔야 합니다

중고폰을 팔 때
공장 초기화만 하면
된다고 생각하시나요?

실제로는 그것만으로 부족합니다

초기화 전에
반드시 해야 할 것들이 있습니다

✔️ 아이폰
Apple ID 로그아웃
→ 로그아웃 안 하면 내 계정 연동 상태가 남습니다

✔️ 갤럭시
삼성 계정 + 구글 계정 모두 해제

✔️ eSIM 사용 중이라면
→ 기기에서 eSIM 삭제

✔️ 사진·연락처·카톡 대화
→ 백업 먼저 후 초기화

또한,
✔️ 공장 초기화 완료 화면은 확인하였는가?
✔️ SD카드는 따로 뺐는가?
✔️ 쇼핑몰, 은행 앱 자동로그인이 남아 있진 않나?

등도 하나하나 체크하세요

폰 바꿀 때도
개인정보 정리가 걱정되신다면
매장에서 도움 받으실 수 있어요",0,"06/08/2026 01:30",https://www.instagram.com/p/DZUXjQgj6nU/,"Instagram 슬라이드",,"전체 기간",472,6631,6,4,0,0,23
18091919963194045,17841450824863436,drr__official,"따르릉통신 | 최초의 휴대폰성지","아이 첫 휴대폰 구매
매장에서 벌어진 일

“나 무조건 최신 아이폰 살 거야!”

자녀분의 첫 휴대폰 개통을 위해
가족이 함께 매장에 오신 적이 있었어요

부모님은
“아직 어린 아이니까
저렴한 삼성 모델이면 충분하다”고 하셨고

아이는
“무조건 최신 아이폰이 갖고 싶다”고 했죠

상담이 길어질수록
부모님은 답답해하시고
아이는 계속 속상해했어요

부모님 입장에서는
첫 휴대폰에 너무 큰 
비용을 쓰는 게 부담스러우셨고

아이 입장에서는
첫 휴대폰인 만큼 꼭 원하는 걸 
갖고 싶어했죠

그래서 저희는,

부모님이 걱정하시는 가격 부담은 줄이고,
아이가 원하는 아이폰이라는
선택지는 살리는 방향으로
조건을 다시 비교해드렸습니다

결국 최신형은 아니지만
아이폰 저가 모델로
저렴하게 개통을 도와드렸어요

하지만 아이의 마음이
완전히 풀린 건 아니었습니다

그래서 저희는
휴대폰 케이스몰 사이트를 열고
“원하는 케이스 한번 골라볼래?”
하고 제안했어요

아이는 좋아하는 캐릭터 케이스를
여러 개 담으면서
조금씩 표정이 풀리기 시작했습니다

휴대폰 상담은
기기만 고르는 일이 아닙니다

가격, 사용 목적, 마음까지
함께 맞춰가는 과정이죠

따르릉통신은
가족 모두가 납득할 수 있는 선택을
함께 찾아드립니다

휴대폰 구매도 판매도
신뢰가 중요해요",0,"06/05/2026 01:30",https://www.instagram.com/p/DZMpKonjD5Q/,"Instagram 슬라이드",,"전체 기간",291,6729,7,0,2,1,3
17934997359260788,17841450824863436,drr__official,"따르릉통신 | 최초의 휴대폰성지","폰 바꿀 때 대리점 직원이
절대 안 하는 것

수천 건의 개통을 도우면서
생각보다 휴대폰을 비싸게 사는 실수의 
패턴이 있더라고요

전문가들은 휴대폰 살 때
절대 안 하는 행동, 딱 짚어드릴게요

①
광고만 보고
조건 확인 없이 방문

""0원 개통"" ""공짜폰"" 광고는
세부 조건을 잘 살펴봐야 합니다
사실 진짜 0원, 공짜폰은 존재하지 않아요

광고에 현혹되지 말고
세부조건을 꼭 확인하세요

②
번호이동 vs 기기변경을
비교도 안 하고 결정

상황에 따라 비용 차이가
수십만 원까지 날 수도 있어요

혼자 판단하지 마시고
내가 받을 수 있는 지원금이 얼마인지
기기변경을 했을 때
얼마나 이익이 될지 등을
꼭 전문가와 상담 받아보세요

폰 바꾸기 전 이것만 먼저 확인하세요

1. 공통지원금 vs 선택약정 비교
2. 번호이동 혜택 vs 기기변경 혜택 비교

특히 휴대폰 가격만 보기보다
구매조건을 확인하는게 정말 중요합니다 

어렵게 느껴지신다면
따르릉통신 매장에서
함께 비교해 보세요

조건을 아는 것만으로도
훨씬 합리적인 선택을 하실 수 있어요

휴대폰, 
비싸게 사지 마세요",0,"06/04/2026 01:30",https://www.instagram.com/p/DZKEXapl9Lz/,"Instagram 슬라이드",,"전체 기간",478,5455,10,3,1,0,8
17927558394326694,17841450824863436,drr__official,"따르릉통신 | 최초의 휴대폰성지","128GB 샀다가
후회하는 유형
저장공간 대충 고르지 마세요

휴대폰 살 때
저장공간은 대충 고르기 쉽습니다

“사진 많이 안 찍어요”
“앱도 별로 안 써요”

처음엔 그렇게 생각하죠

그런데 요즘은
기본 저장용량 자체가 크게 나올 정도로
중요해졌습니다 그건 바로,

사진, 영상, 앱 데이터,
카카오톡 파일, 업데이트 용량까지
스마트폰 용랑이 생각보다 빠르게
채워지기 때문입니다
AI를 활용하게 되면서부터는
더욱 저장용량이 중요해지게 됐죠

그래서 용량을 가볍게 생각하지 마시고
꼼꼼하게 체크하여야 합니다

이런 사람은
256GB 이상을 고려해보는 게 좋아요

✔️ 사진·영상 자주 찍는 사람
✔️ 카카오톡 파일을 오래 보관하는 사람
✔️ 게임 앱을 여러 개 쓰는 사람
✔️ 아이 사진을 많이 저장하는 부모님
✔️ 폰을 오래 쓰는 사람

저장공간은
나중에 늘리기 어렵습니다

처음 살 때
내 사용 습관 기준으로 
넉넉히 고르셔야 합니다

그래야 후회하지 않아요!

나에게 맞는 휴대폰 용량?
라이프 스타일에서 체크",0,"05/29/2026 01:30",https://www.instagram.com/p/DY6nmt9Gpfb/,"Instagram 슬라이드",,"전체 기간",327,7170,6,0,1,0,7
18052036256740071,17841450824863436,drr__official,"따르릉통신 | 최초의 휴대폰성지","휴대폰 보험
이런 사람은 필수

새 폰을 살 때
보험 가입을 고민하는 분들이 많습니다
물론 보험은 모두가 반드시 
들어야만 하는 건 아닙니다

다만, 이런 분들이라면
휴대폰 보험을 꼭 고려해보셔야 해요

✅ 폰을 자주 떨어뜨리는 사람
✅ 고가 모델을 구매한 사람
✅ 폴더블폰처럼 수리비가 큰 모델을 쓰는 사람
✅ 외부 활동이 많은 사람

평소 휴대폰을 쓰는 생활 습관 및
휴대폰 모델에 따라
보험을 고려하시는 게 좋아요

반대로 이런 경우는
꼭 필요하지 않을 수도 있어요

✅ 케이스와 필름을 항상 쓰는 사람
✅ 기기 교체 주기가 짧은 사람
✅ 저가형 모델을 쓰는 사람
✅ 자기부담금까지 계산했을 때
  수리비 차이가 크지 않은 사람

휴대폰 보험은
내 사용 습관과 수리비를
고려해서 CHECK",0,"05/28/2026 01:30",https://www.instagram.com/p/DY4C0d7iAXg/,"Instagram 슬라이드",,"전체 기간",3980,5621,8,0,0,0,7
17976022764032099,17841450824863436,drr__official,"따르릉통신 | 최초의 휴대폰성지","업데이트 후 배터리 🔽
고장일까?

스마트폰 업데이트 후
배터리가 빨리 닳는 것 같다고
느낀 적 있으신가요?

이럴 때 바로 고장이라고
생각하기 쉽습니다

하지만 업데이트 직후에는
폰이 뒤에서 여러 작업을 합니다

사진 정리
앱 최적화
파일 재정리
검색 데이터 재구성 

같은 작업이
잠시 이어질 수 있어요

그래서 업데이트 직후 며칠은
배터리 소모나 발열이
평소보다 크게 느껴질 수 있습니다

이땐 교체를 고민하기보다는
조금 지켜보는 게 좋아요

다만 이런 경우는 
점검이 필요합니다

일주일 이상 계속 심한 발열
충전 속도 이상
갑자기 꺼짐
배터리 성능 급락
앱 실행 오류 반복 등

업데이트 후
불편함이 생겼다면
점검부터 받아보세요",43,"05/27/2026 01:31",https://www.instagram.com/reel/DY1eDgpAs-0/,"Instagram 릴스",,"전체 기간",4444,3948,19,4,6,1,16
17930088918281017,17841450824863436,drr__official,"따르릉통신 | 최초의 휴대폰성지","휴대폰 살 때
가장 불편한 순간은
가격이 비쌀 때가 아니죠

분명 저렴하다고 들었는데
나중에 확인해보면

✔️ 48개월 장기할부
✔️ 기기 반납 조건
✔️ 카드 조건
✔️ 상조 가입
✔️ 워치 가입

이런 조건이 붙어 있는 경우가 있어요

문제는
고객님이 그 조건을
제대로 이해하지 못한 상태에서
구매하게 된다는 점입니다

그래서 따르릉통신은
처음부터 기기값과 조건을
투명하게 말씀드립니다

월 요금만 보는 게 아니라
실제로 어떤 조건으로 사는지
이해하실 수 있게 설명드려요

휴대폰 구매는
복잡하고 불안하면 
안 되니까요

따르릉통신은
다시 찾아올 수 있는,
신뢰할 수 있는 매장이 
되겠습니다",47,"05/26/2026 01:31",https://www.instagram.com/reel/DYy5SHGCvfV/,"Instagram 릴스",,"전체 기간",4417,4203,5,0,1,0,8
18133459126562126,17841450824863436,drr__official,"따르릉통신 | 최초의 휴대폰성지","아이폰-갤럭시 간 문자
보안도 강화된다

아이폰과 갤럭시 사이 문자도
예전과는 많이 달라졌습니다

아이폰도 iOS 18부터
RCS 메시지를 지원하면서

사진·영상 전송 품질,
읽음 확인, 입력 중 표시 같은 기능을
사용할 수 있게 됐어요

여기에 더 나아가
최근 iOS 26.5에서는
아이폰과 안드로이드 사이
RCS 메시지에 암호화가
추가될 것으로 보입니다

아이폰과 갤럭시 간
문자 연결이 매끄러워지는 건 물론
보안도 철저해지게 됐죠

다만 바로 모두에게 적용되는 건 아닙니다

내 iOS 버전, 상대방 기기, 
통신사 지원 여부, 메시지 설정 상태에 따라

사용 가능 여부가 달라질 수 있어요

아이폰-갤럭시 간 소통
카톡, 문자 여러분의 선택은?",0,"05/22/2026 01:30",https://www.instagram.com/p/DYomCSyDSvF/,"Instagram 슬라이드",,"전체 기간",386,6071,9,0,0,0,9
18169171339418006,17841450824863436,drr__official,"따르릉통신 | 최초의 휴대폰성지","여러분은 오늘 하루
스마트폰을 몇 번이나
들여다봤나요?

연구에 따르면,
사람들은 스마트폰을
하루 평균 약 40~57번 정도
확인한다고 합니다

어떤 사람은 100번 이상도
확인한다고 하죠

흥미로운 건
우리는 그 횟수를
거의 기억하지 못한다는 것

대부분의 사람들은
‘한 10번 정도’ 라고
생각한다고 합니다

알림 때문에?
심심해서?
볼 게 많아서?

생각해 보면
이유 없이 그냥 습관적으로
휴대폰에 손이 가지는 않나요?

메시지 하나
좋아요 하나
작은 알림 하나

우리는
무언가를 보려는 게 아니라
무언가를 기다리고 있는지도 
모릅니다",37,"05/22/2026 01:02",https://www.instagram.com/reel/DYoixNhAhRm/,"Instagram 릴스",,"전체 기간",3384,3178,8,0,2,0,6
18108773597498627,17841450824863436,drr__official,"따르릉통신 | 최초의 휴대폰성지","폰 교체 타이밍?
이것부터 확인하세요

휴대폰이 느려졌다고
무조건 바꿔야 하는 건 아닙니다

설정 몇 가지만 봐도
교체가 필요한 상황인지
점검이 먼저 필요한 상황인지
구분할 수 있어요

첫 번째는 배터리입니다

하루에 충전을 여러 번 하거나
갑자기 전원이 꺼진다면?

배터리 성능을 확인해야 합니다

아이폰은 배터리 성능 상태
갤럭시는 배터리 및 디바이스 케어에서
확인할 수 있어요

두 번째는 저장공간입니다

사진, 영상, 카카오톡 파일이 쌓이면
앱 실행이 느려지고
업데이트가 안 될 수 있습니다

저장공간이 거의 꽉 찼다면
정리부터 해보는 게 좋아요

세 번째는 업데이트입니다

오래된 운영체제를 계속 쓰면
앱 오류나 보안 문제가 생길 수 있습니다

최신 업데이트가 가능한 기종인지
확인하는 것도 중요해요

폰이 느려졌다면?
교체 전 점검부터 받아보세요",0,"05/21/2026 01:30",https://www.instagram.com/p/DYmBP_qDKBD/,"Instagram 슬라이드",,"전체 기간",1204,5003,15,1,2,1,17
18318413059279221,17841450824863436,drr__official,"따르릉통신 | 최초의 휴대폰성지","가짜 휴대폰 성지 구별법 3

휴대폰 교체할 때
휴대폰 성지 찾게 되죠

이때 가짜 휴대폰 성지
구별하는 법, 3가지를
알려드릴게요!

시세표가 없는 곳은 거르세요
가격도 알려주지 않고
휴대폰 구매를 유도하는 곳은
성지가 아닙니다

위약금 대신 내준다는 곳은 거르세요
위약금을 부담할 만큼
많이 남기면서
판매중일 확률이 높아요

할부원금으로만
상담하는 곳을 찾으세요!

월 요금이 저렴해진다는 말에
현혹되지 마시고
‘할부원금(기기값)’만으로
판단하는 것이 중요합니다

휴대폰 성지 찾는 법,
그래도 어렵다면?

따르릉통신에서!",36,"05/21/2026 01:02",https://www.instagram.com/reel/DYl9-ktDIDe/,"Instagram 릴스",,"전체 기간",3335,2971,11,0,0,0,2
18094597085180249,17841450824863436,drr__official,"따르릉통신 | 최초의 휴대폰성지","데이터 다 썼는데
카톡은 되는 이유
요금 더 나오는 거 아닐까 걱정하지 마세요

분명 데이터가 다 떨어졌는데
카톡이나 검색이
느리게라도 되는 경우가 있죠

그건 요금제에
저속 데이터가 포함되어 있기 
때문일 수 있습니다

이걸 보통
데이터 안심옵션
또는 QoS라고 부릅니다 

기본 데이터는 다 썼지만
아주 낮은 속도로
인터넷을 계속 사용할 수 있게 
해주는 기능이에요

저속 데이터로 가능한 건
✔️ 카톡 ✔️ 간단한 검색 ✔️ 지도 확인
✔️ 텍스트 중심 서비스 
정도입니다

급한 연락이나 기본 사용에는
도움이 될 수 있어요

하지만 
✔️ 영상 시청 ✔️ 고화질 사진 업로드
✔️ 큰 파일 다운로드 ✔️ 영상통화
등에는 부족할 수 있습니다

끊기지는 않아도
많이 느릴 수 있어요

데이터 안심옵션은
무제한 데이터가 아닙니다

내가 평소에 뭘 많이 쓰는지 알고
요금제를 제대로 골라 써야
비용 낭비하지 않고
제대로 휴대폰을 쓸 수 있어요

내 요금제에
데이터 안심옵션이 있는지
따르릉통신에서 확인해보세요",0,"05/20/2026 01:30",https://www.instagram.com/p/DYjcc51gfeZ/,"Instagram 슬라이드",,"전체 기간",456,6510,8,0,1,0,11
18342799930168718,17841450824863436,drr__official,"따르릉통신 | 최초의 휴대폰성지","“어머니가 꼭 여기서 바꾸라고 하셔서
명절 때까지 기다리고 있었어요
어머니에게 잘해주셔서 감사해요”
따르릉통신 반월당점

“상담을 정말 친절하게 해주시네요”
“남편이랑 어머니도 폰 바꿀 때가 됐어요”
따르릉통신 진천점

“인터넷 약정이 3년이니까, 그때도 꼭 계셔야 해요
우리 가족 통신 이제 책임져주셔야죠”
따르릉통신 반월당점

한 번 찾아오시면
가족, 지인 분들까지 소개해주시고
재방문해주시는 분들 덕에

따르릉통신이 커나가고 있어요 

신뢰로 오랜 인연을
맺어나가겠습니다",0,"05/20/2026 01:00",https://www.instagram.com/p/DYjZGw8AjHc/,"Instagram 슬라이드",,"전체 기간",444,4478,6,0,0,0,3
18160510771452451,17841450824863436,drr__official,"따르릉통신 | 최초의 휴대폰성지","따르릉통신이
마진을 택하지 않은 건

휴대폰을 살 때
가장 헷갈리는 부분은 
결국 가격입니다

같은 휴대폰인데도
매장마다 조건이 다르고
지원금도 다르게 느껴지기 때문이죠

기존 판매 방식은
판매자에게 남는 마진이
크게 잡히는 경우가 많았습니다

그만큼 고객님이 받을 수 있는 혜택은
줄어들 수밖에 없었고요

따르릉통신은
이 구조를 다르게 보고 싶었습니다

건당 마진을 크게 남기기보다
고객님께 더 많은 혜택을
돌려드리는 방식

그게 따르릉통신이 선택한 방향입니다 

그리고 그게 또
따르릉통신이 판매량을
늘릴 수 있는 방향이기도 했어요

마진을 줄이고
지원 혜택을 고객님께 돌려드리면?

고객님은 더 합리적인 가격으로
휴대폰을 구매할 수 있고

따르릉통신은 입소문을 통해
더 많은 고객님을 만날 수 있습니다

결국 따르릉통신이 만들고 싶은 건
한쪽만 이득을 보는 판매가 아닙니다

고객님도 만족하고
따르릉통신도 오래 이어갈 수 있는
윈윈 구조입니다 

휴대폰을 바꾸는 순간이
부담이 아니라
좋은 선택으로 남을 수 있도록",0,"05/19/2026 01:30",https://www.instagram.com/p/DYg3qkLCFrb/,"Instagram 슬라이드",,"전체 기간",891,4837,4,0,0,0,4
17917817445167750,17841450824863436,drr__official,"따르릉통신 | 최초의 휴대폰성지","직장인 꿀팁
앱을 PC처럼 쓰기
feat. 갤럭시 업데이트

스마트폰으로
지도 보면서 카톡하고
영상 보면서 검색하고
메모하면서 자료 확인할 때 있죠

이럴 때 화면 전환이 번거롭게 느껴집니다
갤럭시 사용자라면
이러한 불편을 해소할 수 있게 될 전망이에요

갤럭시에는 이미
앱을 작은 창처럼 띄우는
팝업 화면 기능이 있죠

여기에 더해
안드로이드 최근 업데이트에서는
여러 앱을 PC처럼 창으로 띄워두는 방식의
데스크톱 윈도잉 기능이 
주목받고 있어요

- 정식 적용 여부는 발표와 제조사 업데이트 확인 필요

앱을 완전히 닫지 않고
작은 창으로 유지하면서
다른 작업을 이어갈 수 있다는 점에서

스마트폰 사용 방식이
점점 PC처럼 가까워지고 있습니다

지도 보면서 메시지 확인하는 사람
쇼핑 비교를 자주 하는 사람
영상 보면서 검색하는 사람
업무 자료를 폰으로 확인하는 사람

이런 분들에게 유용하겠죠?

다만 새 기능이 나와도
모든 스마트폰에 바로 적용되는 건 아닙니다

내 기종이 업데이트 대상인지
먼저 확인해보세요

갤럭시의 멀티태스킹
여러분은 어떻게 쓰고 계시나요?",0,"05/19/2026 01:01",https://www.instagram.com/p/DYg0VJqAd-y/,"Instagram 슬라이드",,"전체 기간",1409,4734,11,1,7,0,10
18092604461211305,17841450824863436,drr__official,"따르릉통신 | 최초의 휴대폰성지","아이폰 AI,
챗gpt로 선택 가능?!

아이폰의 다음 변화는
카메라나 디자인만이 아닐 수 있습니다

앞으로는
아이폰 안에서 어떤 AI를 쓸지
고르는 방식이 달라질 수 있어요

보도에 따르면
iOS 27에서는 사용자가
타사 AI 모델을 선택하는 기능이
준비 중인 것으로 전해졌습니다

글쓰기
이미지 생성
Siri 기능 등을
타사 AI 모델을 쓸 수 있도록 하는 거죠

지금까지 아이폰 AI는
Apple Intelligence 중심으로
제공되는 흐름이었습니다

하지만 앞으로는
내가 자주 쓰는 AI를
아이폰 기능과 연결해 쓰는 방식이
가능해질 수 있습니다

* 정확한 기능과 지원 국가는
6월 애플 WWDC 발표 이후 확인

만약 현실화된다면,
여러분은 어떤 AI를 
선택하실 건가요?",0,"05/18/2026 01:30",https://www.instagram.com/p/DYeS2ruFAak/,"Instagram 슬라이드",,"전체 기간",429,5797,5,0,1,0,7
18097588949143809,17841450824863436,drr__official,"따르릉통신 | 최초의 휴대폰성지","따르릉통신 시작 이유
‘가격’ 때문?!

요즘 휴대폰은
선택이 아니라 생활 필수품에 
가까워졌습니다

아이부터 부모님 세대까지
휴대폰을 쓰는 연령대도 넓어졌고요

그만큼
휴대폰 요금과 기기값은
가계의 고정지출이 되고
매달 나가는 통신비가
부담으로 느껴지는 분들도 많아졌죠

따르릉통신은 
그 부담을 조금이라도 덜어드리고 싶다는
생각에서 시작됐습니다

‘휴대폰을 더 합리적으로 구매할 수는 없을까?’

이 질문이
따르릉통신의 출발점이었습니다

그래서 따르릉통신은
좋은 조건을 찾아 비교하고
고객님 상황에 맞는 선택을 함께 고민합니다

단순히 휴대폰을 파는 곳이 아니라
통신비 부담을 줄이는 방법을
안내하는 곳이고 싶습니다

휴대폰은 매일 쓰는 만큼
더 신중하게 골라야 하니까요",0,"05/18/2026 01:00",https://www.instagram.com/p/DYePcCWj0Nj/,"Instagram 슬라이드",,"전체 기간",3449,5460,6,0,0,0,4
17862201282630134,17841450824863436,drr__official,"따르릉통신 | 최초의 휴대폰성지","아이폰 사진 편집 더 똑똑해진다
feat. iOS 27

아이폰 사진 편집이
조금 더 똑똑해질 수 있다는
소식이 나왔습니다

기존의 지우기 기능을 넘어
사진을 더 자연스럽게 다듬는
AI 편집 기능이 추가될 것으로 보여요

하나하나 짚어볼게요

예상 기능 ①
Extend

사진의 가장자리를 자연스럽게 늘려
구도를 보완하는 기능이
추가될 것으로 예측되고 있어요

찍고 나서
’조금만 더 넓게 찍을걸’
싶었던 사진에 유용할 수 있어요

예상 기능 ②
Enhance

사진 품질을
자동으로 보정하는 기능이에요

밝기, 선명도, 색감처럼
사진을 보기 좋게 만드는 요소를
AI가 더 자연스럽게 
조정해 줄 수 있을 것으로
전망되고 있습니다

예상 기능 ③
Reframe

사진 속 피사체와 구도를 분석해
더 보기 좋은 프레임으로
다시 잡아주는 기능이에요

인물 사진이나 여행 사진을
SNS에 올릴 때 유용할 수 있죠

iOS 27,
여러분이 기대하고 있는
또 다른 기능이 있나요?",0,"05/15/2026 01:30",https://www.instagram.com/p/DYWkeK6DLIN/,"Instagram 슬라이드",,"전체 기간",1693,5284,9,1,0,0,5
18448817392112524,17841450824863436,drr__official,"따르릉통신 | 최초의 휴대폰성지","아이폰 18 Pro
자색고구마 뜬다?!

IT 매체, 맥월드에 따르면
아이폰 18 Pro는
다크 체리, 다크 그레이, 라이트 블루, 실버
4종으로 구성된다고 해요

특히 
아이폰 17 Pro에서
눈에 띄었던 ‘코즈믹 오렌지’ 대신
다크 체리가 뜬다는 소식입니다!

앞서 블룸버그에서는
“애플이 새로운 짙은 레드 계열을
시도하고 있다”라고 했는데요

아마 이 ‘다크체리’를 두고
한 보도였던 것으로 보입니다

그런데 이 다크체리 컬러가
현재 유행하고 있는
‘자색고구마’ 컬러와 비슷하다는
의견이 나와서 더 관심을 모으고 있어요

아이폰 18 Pro
출시일 가장 먼저 챙기려면?

따르릉통신을 
미리 팔로우 해두세요!",0,"05/15/2026 01:01",https://www.instagram.com/p/DYWhJUkja1o/,"Instagram 슬라이드",,"전체 기간",419,6973,9,35,0,1,6
18066512123358306,17841450824863436,drr__official,"따르릉통신 | 최초의 휴대폰성지","부모님 휴대폰 구매 
체크해야 할 점

부모님 휴대폰을 바꿔드릴 때
최신폰인지보다 중요한 건
부모님이 편하게 쓸 수 있는가입니다

비싼 기능보다
매일 쓰는 기능이 더 중요해요

따르릉통신이
핵심적인 부분만 짚어드릴게요

☑️ 글씨 크기와 화면 크기

부모님이
작은 글씨를 불편해하신다면
화면 크기와 글씨 설정이 중요합니다

구매 후에는
글자 크기, 화면 확대, 키보드 크기까지
같이 맞춰드리는 게 좋아요

☑️ 통화 품질과 스피커

부모님 휴대폰은
전화가 잘 들리는지
스피커 소리가 충분한지
화면 터치가 편한지가 
더 중요할 수 있어요

☑️ 기존 데이터 이전

연락처, 사진, 카카오톡, 인증서, 은행앱
이전이 안 되면 새 폰을 사도 불편해집니다

부모님 휴대폰은
데이터 이전이 
매우 중요할 때가 많아요

설정이 어려울 수 있는 만큼
자녀 분들께서 챙겨주세요

☑️ 너무 복잡한 모델은 피하기

기능이 많아도
부모님이 안 쓰시면 의미가 없습니다

자주 쓰는 앱이 잘 보이고
버튼이 헷갈리지 않는 화면 구성이
더 좋은 선택일 수 있어요

부모님 휴대폰,
스펙보다 사용 습관부터 
CHECK!",0,"05/14/2026 01:30",https://www.instagram.com/p/DYT_r0AGdn5/,"Instagram 슬라이드",,"전체 기간",244,4382,6,0,1,0,5
17894046285332887,17841450824863436,drr__official,"따르릉통신 | 최초의 휴대폰성지","느려진 폰,
1분 만에 빠르게

폰이 느려졌다면?
1분만 투자하셔서
램(RAM) 정리 
해보세요

1️⃣ 안 쓰는 앱 닫기
지금 쓰지 않는 앱은 닫아주세요

👉 램은 ‘열려 있는 앱 수’에
  직접 영향을 받 거든요

전부 닫을 필요는 없고,
불필요한 앱만 정리해 주시면 돼요

앱을 닫고 다시 여는 건
배터리 소모가 클 수도 있어요.

2️⃣ 재시작
전원을 껐다가 다시 켜주세요

👉 가장 확실한 램 초기화 방법

전원을 껐다 켜면
캐시, 백그라운드 프로세스까지
리셋할 수 있어요

3️⃣ 위젯 줄이기
자주 안 보는 위젯은 삭제해 주세요

👉 위젯은 계속 램을 점유하는 범인

자주 안 보는 위젯을
삭제만 해줘도 폰이 빨라져요

4️⃣ 사진, 영상 정리하기
저장 공간이 부족하면 램 활용도가 떨어져요

👉 용량 정리=속도 정리 

저장 공간을 확보해 주면
램 정리에 도움이 돼요

느려진 폰,
1분만 투자해서
램 정리 해보세요

폰이 빨라집니다",51,"05/14/2026 01:01",https://www.instagram.com/reel/DYT8Wk3FGld/,"Instagram 릴스",,"전체 기간",1563,2641,22,2,4,0,22
18081103418303238,17841450824863436,drr__official,"따르릉통신 | 최초의 휴대폰성지","휴대폰 싸게 사는 법
판매점이 유리한 이유

휴대폰 바꾸실 생각이신가요?

금액부터 요금제까지
하나하나 알아보고 또
비교해보기란 복잡하기 마련입니다

요즘에는
판매점, 대리점, 공식몰, 자급제까지
선택지가 너무 많거든요

중요한 건,
내 상황에 맞는 곳을 골라야 한다는 겁니다

여러 통신사를 비교하며
가장 저렴하게 휴대폰 바꾸고 싶다면?

판매점은 여러 통신사 비교 가능 ✔️

여러 통신사를 함께 다루는 판매점은
통신사별 요금제, 혜택, 조건을 비교하기 좋습니다
번호이동이나 가족 결합 변경을 고민한다면
선택지를 넓게 볼 수 있어요

확고하게 통신사를 결정한 경우라면?

대리점은 한 통신사 중심 ✔️

SKT, KT, LG U+처럼
특정 통신사 업무를 중심으로 하는 곳이에요
요금제, 결합, 멤버십, 통신사 혜택을
통신사 기준으로 상담받기 좋아요

이때,
중요한 건 휴대폰 가격만이 아닙니다

✅ 기기값이 얼마인지
✅ 월 납부금이 얼마인지
✅ 약정은 몇 개월인지
✅ 요금제 유지 조건은 있는지
✅ 부가서비스는 있는지

이걸 함께 봐야 진짜 가격이 보입니다

휴대폰,
어디서 구매할 지부터
결정해보세요",0,"05/13/2026 01:30",https://www.instagram.com/p/DYRa4uvAaoM/,"Instagram 슬라이드",,"전체 기간",638,4616,9,0,1,0,2
18360608458225737,17841450824863436,drr__official,"따르릉통신 | 최초의 휴대폰성지","따르릉통신
고객이 많은 이유
feat. 월 1,000대 이상 판매

따르릉통신은
월 약 1,000대 이상
판매하고 있어요

어떻게 이게 가능하냐고요?

따르릉통신은
건당 마진을 최소화하고
많은 판매량으로 수익을 내요

그렇기 때문에
타 업체 대비
좋은 조건과 정책을
확보할 수 있고요

그 혜택을 다시 고객님들께
돌려드리면서

계속해서 더 저렴한 가격으로
휴대폰을 제공할 수 있는
선순환 구조를 갖고 있어요

또한,
따르릉통신에 찾아오시는 분들은
다시 재방문하는 경우가 많아요

친절한 상담과
편안한 분위기로
고객님에게 가장 좋은 혜택을
드리려고 하기 때문이죠

판매율 높고
재방문율 높은
따르릉통신에서 안심하고
휴대폰 구매해보세요",36,"05/13/2026 01:02",https://www.instagram.com/reel/DYRXnkmGKum/,"Instagram 릴스",,"전체 기간",2807,3543,6,0,0,0,4
18440465626185232,17841450824863436,drr__official,"따르릉통신 | 최초의 휴대폰성지","화소가 높으면
무조건 사진이 잘 찍힐까?

휴대폰 고를 때
“몇 만 화소예요?”
많이 물어보시죠

그런데 화소가 높다고
무조건 사진이 더 좋다고
볼 수는 없어요!

화소는
사진을 얼마나 잘게 나누는지
알 수 있는 값이에요

화소가 높으면
사진을 크게 확대하거나 자를 때
유리할 수 있죠

하지만 
사진의 밝기, 색감, 선명함을
화소가 결정하지는 않아요

✔️ 진짜 중요한 건 센서와 보정입니다

센서가 빛을 잘 받아야
어두운 곳에서도 사진이 덜 흔들리고
스마트폰의 이미지 처리 기술이 좋아야
피부톤, 색감, 노이즈가 
자연스럽게 나옵니다

✔️ 렌즈 구성도 봐야 합니다

광각, 초광각, 망원 렌즈가
어떻게 구성됐는지에 따라
인물, 음식, 풍경 사진의 
결과가 달라져요

✔️ 사진을 자주 찍는다면
화소보다 ‘내가 뭘 많이 찍는지’를
먼저 체크해보세요

예를 들어,
아이 사진을 많이 찍는 분
음식 사진을 자주 찍는 분
여행 풍경을 많이 찍는 분

각자에게 맞는
스마트폰 카메라는 다를 수 있어요

따르릉통신에서
스마트폰 카메라를 
비교하고 구매해 보세요",0,"05/12/2026 01:30",https://www.instagram.com/p/DYO2FiKD8ut/,"Instagram 슬라이드",,"전체 기간",300,4259,6,1,0,0,7
18093512120222200,17841450824863436,drr__official,"따르릉통신 | 최초의 휴대폰성지","위약금이 나오는 이유 CHECK

위약금이란?
통신사에서 할인혜택을 줬는데,
약정 기간을 못 채우면 
일부 돌려받는 것입니다

이때 2가지의 경우가 있는데요

1. 선택약정

매달 요금에서 25%할인을 해주는 대신,
약정 2년을 써야합니다

만약 중간에 해지하게 되면
요금 할인 받은 일부를 반환하게 됩니다

2. 단말기 지원금 (공통지원금)

휴대폰 살때 기기값에서 할인 해주는 대신,
약정 2년을 써야합니다.

중간에 해지하게 되면
받은 기기 할인금 일부를 반환하게 됩니다

✔️ 위약금 금액은 어떻게 산정될까?

위약금 금액은 
선택약정, 단말기 지원금 둘다
받은 할인 대비 남은 기간에 대한
비율에 따라서 청구됩니다

가장 정확한 건,
휴대폰 판매점에서 문의하시는 거예요

✔️ 위약금을 최대한 줄이는 방법은?

우선 같은 통신사로 기기변경 할 경우
약정 2년 중 1년 6개월이 지났을 때 
위약금 승계가 가능합니다

약정 2년을 채우지 못한 상태로
통신사를 이동할 경우에는
위약금은 결국 발생한다고 보시면 됩니다

위약금 때문에
휴대폰 교체 망설이고 계시다면?
따르릉통신에서!",0,"05/12/2026 01:00",https://www.instagram.com/p/DYOytlUGE4N/,"Instagram 슬라이드",,"전체 기간",335,4764,4,0,0,0,5
18097951358114128,17841450824863436,drr__official,"따르릉통신 | 최초의 휴대폰성지","폰 잃어버리기 전에 이것부터 설정

휴대폰을 잃어버리면
“어디서 잃어버렸지?”
라고 떠올리는 경우가 대다수죠

이때 미리 휴대폰 설정을 해두지 않으면
위치 확인도, 잠금도 더 어려워질 수 있어요

아이폰, 갤러시 별로
폰을 쉽게 찾을 수 있도록
미리 설정하는 법을 알려드릴게요

아이폰이라면?
나의 iPhone 찾기 설정

설정 → 내 이름 → 나의 찾기
→ 나의 iPhone 찾기 켜기

가능하면
‘나의 찾기 네트워크’와
‘마지막 위치 보내기’도 함께 켜두세요

갤럭시라면?
내 디바이스 찾기 설정

설정 → 삼성 계정 → 내 디바이스 찾기
또는 설정 검색창에
‘내 디바이스 찾기’를 검색해서
설정해두세요

원격 잠금, 위치 확인,
벨소리 울리기 설정도 가능합니다

✔️
잠금화면 보안도 중요해요
비밀번호 없이 열리는 폰은
분실했을 때 
개인정보가 바로 노출될 수 있어요

지문, 얼굴 인식만 믿기보다
숫자 비밀번호도 꼭 설정해두세요

✔️
특히 부모님 휴대폰이라면
자녀 분들께서
위치 찾기 설정 여부를
미리 확인해드리는 것도 좋아요

✔️
분실 전 설정 잘해둬야
휴대폰 찾기는 물론
개인정보 보호도 가능해요",0,"05/11/2026 01:30",https://www.instagram.com/p/DYMRS2iAUxu/,"Instagram 슬라이드",,"전체 기간",680,3982,16,1,4,0,11
17882089674416273,17841450824863436,drr__official,"따르릉통신 | 최초의 휴대폰성지","집 와이파이가
느린 진짜 이유

분명 요금이 비싼 걸 쓰고 있는데도
집에서는 영상도 끊기고
검색도 느린 경우가 있다면?

그럴 땐
와이파이 환경부터 확인해야 합니다

원인 ①
공유기 위치

공유기가 방 구석, TV 뒤, 바닥 근처에 있으면
신호가 벽이나 가구에 막힐 수 있어요
가능하면 집 중앙 
또는 높은 위치에 두는 게 좋습니다

원인 ②
2.4GHz / 5GHz 선택

2.4GHz는 멀리 가지만 속도가 느릴 수 있고
5GHz는 빠르지만 벽을 통과하는 힘이 약해요

방마다 속도가 다르다면
주파수 선택이 맞지 않을 수 있습니다

원인 ③
연결된 기기가 너무 많음

스마트폰, 태블릿, TV, 노트북, IoT 기기까지
한 공유기에 너무 많이 연결되면
속도가 나눠질 수 있어요
특히 오래된 공유기라면 더 쉽게 느려집니다

그래도 와이파이가 느리다면?
와이파이, 요금 걱정 없이
데이터 쓰는 방법도 생각해보세요",0,"05/11/2026 01:00",https://www.instagram.com/p/DYMN5VqD6XU/,"Instagram 슬라이드",,"전체 기간",552,4684,13,0,1,0,14
17868681783529795,17841450824863436,drr__official,"따르릉통신 | 최초의 휴대폰성지","충전 속도 느린 이유 알고보니…
고속 충전 안되는 이유

충전 속도를 
결정하는 건 3가지예요

① 충전기 출력 (W, 와트)
② 충전 규격 (PD / QC / AFC 등)
③ 케이블 품질
④ 스마트폰 지원 속도

이 조건들이 맞아야
고속 충전이 제대로 됩니다

특히 충전기 출력, 케이블 품질은
꼭 체크해 보세요

충전 속도에서는
충전기 출력이 중요해요

5W — 기본 충전 (구형 아이폰 기본 제공)
20W — 고속 충전 (아이폰 12 이상)
25W — 갤럭시 초고속 충전 지원 모델 기준
45W 이상 — 일부 갤럭시 울트라/플러스 모델 기준

충전기 W 수가 낮거나
폰이 해당 속도를 지원하지 않으면
느리게 충전돼요

케이블도 확인해 보세요

✔️ 아이폰: USB-C PD 지원 케이블
✔️ 갤럭시: USB-C 고속 충전 지원 케이블

정품 또는
공식 인증 케이블 사용을 추천해요

- 특히 고속 충전 미지원 케이블은 충전이 느릴 수 있어요

충전이 너무 느리다면
충전기와 케이블부터 확인하세요",0,"05/08/2026 01:30",https://www.instagram.com/p/DYEi6dbgU7r/,"Instagram 슬라이드",,"전체 기간",383,4744,9,0,2,0,15
17856377094640948,17841450824863436,drr__official,"따르릉통신 | 최초의 휴대폰성지","방수폰인데도 침수되면 AS 안 된다?
IP68 등급의 진실

방수폰이지만 물에 빠지면
AS가 안 될 수 있어요

우리가 말하는 ‘방수폰’은
물속에서 마음껏 써도 되는 폰이 아니라

정해진 조건에서
방수 테스트를 통과한 폰에 가깝습니다

방수 기준은 바로 IP68 등급인데요

IP68이란?

IP = 방진·방수 보호 등급
6 = 먼지 완전 차단
8 = 수심 1.5m~3m, 30분 견딤

아이폰 15·16, 갤럭시 S24·S25 시리즈 등
주요 플래그십 모델에 적용되어 있어요

그렇다면
침수 손상은 왜 AS가 안 될까요?

IP 등급은 제조사 테스트 기준이지
'어떤 상황에서도 완벽한 방수'를
보장하는 게 아니에요

이 등급은
정해진 실험 조건을 통과했다는 의미로
실제 사용 중 침수까지
모두 보장한다는 뜻은 아니랍니다

특히 아래 상황에서는
방수폰이라고 해도
손상이 크게 일어날 수 있어요

❌ 수영장·바닷물 (염분·염소 성분)
❌ 샤워 중 (수압이 테스트 기준보다 강할 수 있음)
❌ 방수 성능이 낮아진 오래된 폰
 (방수 처리는 시간이 지나면 약해짐)

게다가 방수 성능은
사용 기간, 충격, 수리 이력에 따라
점점 약해질 수 있어요

방수폰이라도
물은 꼭 조심하세요",0,"05/07/2026 01:30",https://www.instagram.com/p/DYB-HM5CTnu/,"Instagram 슬라이드",,"전체 기간",299,4848,5,0,0,0,6
18163285885438741,17841450824863436,drr__official,"따르릉통신 | 최초의 휴대폰성지","갓생 살기 위한
자기계발 앱 추천 3

① 마이루틴
루틴이 자주 무너지는 사람에게
추천하는 앱이에요

내 하루에 맞는
반복 루틴을 만들 수 있어
갓생 입문용으로 좋아요

② 챌린저스
운동, 독서, 물 마시기 등
목표를 정하고 인증하는
앱이에요

돈을 걸고 인증하기 때문에
강제성이 생기고
실천 비율에 따라
예치금을 환급받을 수 있어요

③ 투두메이트
할 일을 정리하고
친구들과 함께 루틴을
확인할 수 있는 앱이에요
갓생 일상을
친구와 함께 하는 재미가 있죠

여러분이 쓰고 있는
갓생 자기계발 앱은
무엇인가요?",36,"05/07/2026 01:02",https://www.instagram.com/reel/DYB64ecDySQ/,"Instagram 릴스",,"전체 기간",3989,4251,10,20,2,0,25
17924060982318548,17841450824863436,drr__official,"따르릉통신 | 최초의 휴대폰성지","갤럭시 사진
고화질로 전송하기

갤럭시 쓰시는 분들
어떻게 사진을 보내나요?
만약 아래처럼 보낸다면?

❌ 카카오톡으로 보내기 → 자동 압축
❌ 문자 MMS로 보내기 → 해상도 낮아짐
❌ 메일 첨부 → 용량 제한, 압축 가능성
때문에 저화질로 사진이 전송될 수 있어요

고화질 원본 그대로 전송하려면
다른 방법이 필요해요

방법 ①
USB 케이블로 PC 직접 연결

1. USB 케이블로 PC에 연결
2. 폰 화면 상단 → USB 설정 → '파일 전송' 선택
3. PC 탐색기에서 내 폰 → DCIM → Camera
4. 원하는 사진 복사·붙여넣기

원본 품질을 가장 그대로
유지할 수 있는 방법이에요

방법 ②
삼성 Quick Share (퀵쉐어)

동일 Wi-Fi 환경에서
갤럭시 → Windows PC로 무선 전송 가능

단, 갤럭시와 PC 모두
Wi-Fi, Bluetooth가 켜져 있어야 해요

1. 갤럭시에서 사진 선택 → 공유 → 퀵쉐어
2. PC에서 Samsung QuickShare 앱 설치
3. 연결된 PC 이름 선택 → 전송

방법 ③
구글 포토 동기화

1. 갤럭시에서 구글 포토 → 백업 ON
2. PC 브라우저에서 photos.google.com 접속
3. 원하는 사진 선택 → 다운로드

이때 원본 화질 유지를 위해서
백업 화질을 ‘원본 화질’로 설정해 두세요

※ 구글 계정 무료 용량 15GB 한도 있음 

내가 찍은 사진
고화질로 활용해 보세요",0,"05/06/2026 01:30",https://www.instagram.com/p/DX_ZUJ8jPb5/,"Instagram 슬라이드",,"전체 기간",654,3708,12,2,2,0,12
18075224636259016,17841450824863436,drr__official,"따르릉통신 | 최초의 휴대폰성지","스마트폰 앱들이 내 폰을 감시한다?
앱 권한 설정 지금 확인하세요

앱 권한이란?
앱이 내 폰의 카메라, 마이크, 
위치, 연락처 등에
접근할 수 있도록 허용하는 설정이에요

이러한 권한은
앱을 쓰지 않을 때도
접근이 가능하도록 할 수 있어요

이 권한들이 특히 위험해요
🎤 마이크 — 대화 내용 수집 가능
📷 카메라 — 불필요한 앱에 열려있으면 위험
📍 위치 — 항상 허용 시 실시간 추적 가능
📒 연락처 — 스팸·피싱에 악용될 수 있어요

아이폰 권한 확인 방법
설정
→ 개인정보 보호 및 보안
→ 카메라 / 마이크 / 위치 서비스
→ 앱별로 허용 여부 확인·변경

특히 위치 권한은
'항상 허용' 보다 '앱 사용 중' 으로
바꾸는 게 안전해요

갤럭시 권한 확인 방법
설정
→ 앱 → 우측 상단 점 세 개
→ 권한 관리자
→ 권한 종류별로 앱 목록 확인

또는
설정 → 개인정보 보호 → 권한 사용 내역
에서 최근 접근 확인이 가능해요

- 기종, One UI 버전에 따라 메뉴 이름이 다를 수 있어요

앱 권한 체크하고
보다 안전하게
스마트폰 생활 하세요",0,"05/06/2026 01:00",https://www.instagram.com/p/DX_V5ajEa72/,"Instagram 슬라이드",,"전체 기간",524,3455,11,1,1,0,20
18098592452038926,17841450824863436,drr__official,"따르릉통신 | 최초의 휴대폰성지","EU, 2027년 2월부터 교체형 배터리 의무화

2027년 2월 18일부터
유럽에서 판매되는 모든 스마트폰은
사용자가 직접 배터리를
교체할 수 있도록 설계되어야 해요

특수 공구가 필요한 경우
기기 구매 시 무료로 제공해야 되죠

💡 왜 이 규정이 생겼을까요?
✔️ 전자 폐기물 감소
배터리 교체만으로 폰 수명이 연장되면
버려지는 기기 수가 줄어요

✔️ 소비자 수리 비용 절감
EU 추산, 2030년까지 
약 200억 유로 절감이 예상되고 있어요

💡 삼성, 애플에도 영향이 갈 수 있어요
현재 대부분의 스마트폰은
배터리가 일체형이라 직접 교체가 불가한데,

삼성, 애플 등 주요 제조사가
이미 EU 규정에 맞춘 설계 변경을
준비 중인 것으로 알려졌어요

💡 한국에도 영향이 올까요?
규정은 EU 전용이지만
글로벌 제조사들은 보통
전 세계 모델을 통일해서 출시해요

따라서,
한국 출시 모델에도 
간접적인 영향이 생길 수 있어요

배터리 교체가 가능한
스마트폰이라니,
옛날 휴대폰 생각이 나네요",0,"05/05/2026 01:30",https://www.instagram.com/p/DX80hNKjwh8/,"Instagram 슬라이드",,"전체 기간",371,7505,19,1,1,0,8
18097698751866850,17841450824863436,drr__official,"따르릉통신 | 최초의 휴대폰성지","폰 교체 전,
가장 먼저 해야 하는 것

휴대폰을 바꾸실 때
가장 먼저 해야 할 건 바로
백업입니다!

사진은 클라우드와 PC,
두 곳에 모두 저장해야 안전해요.

한 곳에만 저장해두었다가
데이터를 잃는 경우가 흔해요

카톡과 같은 메신저 기록은
직접 백업해야 해요.

메신저 데이터는 기기 변경 시
자동 이전이 되지 않을 수 있으니
꼭 확인해 보세요

금융 앱이나 인증서, OTP는
새 폰에서 다시 설치해야 해요

인증 수단이 이전되지 않으면
로그인 자체가 막힐 수 있어요

기기 간 데이터 이전은
제조사의 공식 도구로 하는 게
가장 안전합니다.

삼성 폰은 Samsung Smart Switch
아이폰은 Apple Quick Start로
옮겨야 오류가 적어요

기존 폰은 며칠 더 보관해 두세요
모든 데이터가 제대로 옮겨졌는지
확인하기 전까지는
초기화는 미루는 것이 좋아요

어렵게 느껴지신다면?
따르릉통신으로!",44,"05/05/2026 01:00",https://www.instagram.com/reel/DX8xFT7jTiI/,"Instagram 릴스",,"전체 기간",989,3216,10,0,2,0,11
18081192824250925,17841450824863436,drr__official,"따르릉통신 | 최초의 휴대폰성지","같은 장소인데 나만 전화 안 터지는 이유

이유 ①
통신사마다 강한 지역이 달라요

SK·KT·LG는 각각 기지국 위치와
망 구축 상태가 달라요

같은 건물 안에서도
통신사별로 수신 강도가 다를 수 있어요

이유 ②
건물 구조가 전파를 막아요

철근 콘크리트 주변, 
지하, 엘리베이터 내부는
전파가 약해지기 쉬워요
같은 층이라도 창가 쪽이
훨씬 잘 터지는 이유가 바로 이 때문이죠

이유 ③
사용 주파수 대역 차이

5G는 주파수 대역이 높을수록
속도는 빠르지만 도달 거리가 짧아요

→ 실내에서 5G가 불안정하다면
  설정에서 LTE로 전환했을 때
  오히려 안정적으로 잡히는 경우도 있어요

이유 ④
통화 설정이 맞지 않을 수 있어요

통화가 자주 끊기거나
수신이 불안정하게 느껴진다면
VoLTE 통화 설정으로 바꿔보세요

*
VoLTE는 LTE 망을 통한 음성 통화로
더 또렷하고 안정적인 통화가 가능하거든요

VoLTE 설정 방법
아이폰: 설정 → 셀룰러 → VoLTE 활성화
갤럭시: 설정 → 연결 → 모바일 네트워크 → VoLTE 통화

메뉴 이름은 기종과 통신사에 따라 다를 수 있어요 

통신 환경이 계속 불안정하다면
따르릉통신에서 도와드려요",0,"05/04/2026 01:30",https://www.instagram.com/p/DX6PvCXjLeo/,"Instagram 슬라이드",,"전체 기간",307,4655,6,0,0,2,4
17872264794671852,17841450824863436,drr__official,"따르릉통신 | 최초의 휴대폰성지","분명 전화 왔는데
부재중만 찍힌 이유

원인 ①
방해 금지 / 집중 모드
모르는 사이에 방해 금지 모드가
켜져 있는 경우가 의외로 많아요

설정 방법
아이폰: 제어 센터 → 초승달 아이콘 확인
갤럭시: 상단 알림 창 → 방해 금지 꺼짐 확인

원인 ②
무음 / 진동 모드
아이폰 측면 스위치가 아래로 내려가 있으면
무음이기 때문에 전화가 오는 줄
모르고 있을 수 있어요

갤럭시는 전원 + 볼륨 DOWN으로
진동 ↔ 무음 ↔ 소리 순서로
전환되는 기종이 있어요

나도 모르게
무음으로 바뀐 건 아닌지 확인해보세요

원인③ 
특정 연락처만 허용
집중 모드나 방해 금지 설정에서
'즐겨찾기' 또는 '특정 연락처'만
벨이 울리도록 설정되어 있을 수 있어요

설정 방법
아이폰: 설정 → 집중 모드 → 허용된 연락처 확인
갤럭시: 설정 → 알림 → 방해금지 → 예외/허용 항목 확인

원인④ 
전화 연결 전에 끊어지는 경우
신호가 약하거나 데이터 절약 모드 중일 때
전화가 울리기 전에 끊어질 수 있어요
→ Wi-Fi 통화 설정이 켜져 있는지 확인해 보세요
  이 기능을 켜두면 약한 통신 신호 환경에서 
  도움이 될 수 있어요

그래도 전화 문제가 생긴다면?
따르릉통신으로!",0,"05/01/2026 01:30",https://www.instagram.com/p/DXyhV1UiRAH/,"Instagram 슬라이드",,"전체 기간",653,4120,4,0,1,0,5
17966712624057241,17841450824863436,drr__official,"따르릉통신 | 최초의 휴대폰성지","알림이 너무 많다면? 원할 때만 알림 받기
feat. 아이폰

알림이 너무 많다면
아이폰 집중 모드를 활용해 보세요

아이폰 집중 모드란?
원하는 앱·연락처의 알림만
받을 수 있는 기능이에요

업무 / 수면 / 개인 / 운전 등
상황에 맞게 따로 만들어 쓸 수 있어요

아이폰 집중 모드 설정 방법
설정 → 집중 모드
→ 원하는 모드 선택 또는 + 버튼
→ 허용할 사람(연락처) 선택
→ 허용할 앱 선택
→ 일정 설정 > 시간 / 위치 / 앱 설정

이렇게 해두면
제어 센터에서 바로 켜고 끌 수 있어요

이렇게 활용해보세요

📌 수면 모드
밤 11시~오전 7시 자동 ON
지정한 사람 전화만 울리도록 설정

📌 업무 모드
SNS, 개인 알림 차단
업무 앱·메일 등만 허용

알림이 줄어들면
일상 집중력이 달라져요",0,"05/01/2026 01:01",https://www.instagram.com/p/DXyeEhdCBSN/,"Instagram 슬라이드",,"전체 기간",678,5330,4,0,1,0,7
17935041552056243,17841450824863436,drr__official,"따르릉통신 | 최초의 휴대폰성지","사진 전부 삭제? 애플 사칭 메일 주의

최근 Apple, iCloud를 사칭해
✔️ iCloud 저장공간이 가득 찼습니다
✔️ 계정이 위험합니다
✔️ 사진과 동영상이 곧 삭제됩니다
라며 겁주는 피싱 메일이
다시 퍼지고 있습니다.

이 메일을 통해
사용자를 불안하게 만든 뒤
링크를 누르게 유도하는 방식이죠

✔️
왜 위험할까요?

이 링크는
진짜 애플 홈페이지가 아니라
가짜 사이트일 가능성이
높기 때문입니다

가짜 피싱사이트라면
Apple 계정 정보나
결제 정보를 입력할 시
사기 피해로 이어질 수 있어요

✔️
이렇게 확인하세요!

애플 관련 메일을 받았다면?
메일 속 링크부터 누르지 말고
아이폰 설정이나 공식 사이트에서
직접 저장공간 및 결제정보를
확인하는 게 안전합니다

🚨
링크는 항상 조심!
신중하게 살펴보세요",0,"04/30/2026 01:30",https://www.instagram.com/p/DXv8i_pDWw8/,"Instagram 슬라이드",,"전체 기간",569,7514,5,3,0,0,5
17962552947112671,17841450824863436,drr__official,"따르릉통신 | 최초의 휴대폰성지","가장 기억에 남는 고객 #8
아이폰 vs 갤럭시
고민 끝낸 이유

아이폰과 갤럭시 사이에서
정말 오래 고민하셨던
고객님이 계셨어요

매장에서 약 1시간 정도
충분히 비교해보신 뒤
최종적으로 갤럭시를
선택하셨는데 그 과정이
기억에 남네요

처음엔
아이폰 쪽도 많이 고민하셨어요

디자인과 UI 감성,
에어팟·아이패드 같은
애플 기기와의 연동,
그리고 사진 색감까지

확실히 끌리는 포인트가
분명 있었거든요

그런데…

고객님의 이야기를 듣고
평소 사용 패턴을 같이 보니
갤럭시의 장점이
더 잘 맞을 듯 싶었어요

✔️ 통화 녹음이 필요하고
✔️ 파일을 자유롭게 관리하고 싶고
✔️ 삼성페이처럼 실생활에서 바로 쓰는 기능이 중요하셨죠

결국 고객님은
따르릉통신과의 상담 끝에
“내가 자주 쓰는 기능이 더 중요하다”며
갤럭시를 선택하셨어요

무조건 예쁘기만 한 폰보다
내 생활에 잘 맞는 폰을 고르신 거죠

✔️
아이폰이 좋을지
갤럭시가 좋을지
헷갈릴 때는

스펙보다
내가 어떻게 쓰는지를
먼저 봐야 합니다

📱
휴대폰 고민
따르릉통신이 잘 듣고
잘 골라드릴게요",0,"04/30/2026 01:01",https://www.instagram.com/p/DXv5TsykeeJ/,"Instagram 슬라이드",,"전체 기간",822,6521,11,0,0,0,7
18113190901834185,17841450824863436,drr__official,"따르릉통신 | 최초의 휴대폰성지","에어팟으로 실시간 번역 가능?
feat. iOS 26 라이브 번역

해외여행 시
외국인이 하는 말을
에어팟으로 번역해서
알아들을 수 있게 됩니다

iOS 26
Live Translation 기능 덕인데요 

*
Apple Intelligence 지원 아이폰
+ iOS 26
+ AirPods 4(ANC), AirPods Pro 2 이상
+ 최신 펌웨어 조건 필수

이럴 때 유용해요

✈️ 여행 중 현지인과 대화할 때
🏢 외국어 미팅이 잡혔을 때
🛫 공항·호텔 체크인할 때

외국인의 말을
내가 설정한 언어로
AirPods에서 번역해 들을 수 있고,
번역된 내용은 아이폰에도
함께 표시됩니다.

🔈
iOS 26
Live Translation 기능은
한국어를 포함해서
영어, 일본어, 중국어
프랑스어, 독일어, 이탈리아어 등
여러 언어를 지원해요

✈️
이제 못 알아들어서
해외여행 망설이는 일은
없어지겠네요!",0,"04/29/2026 02:00",https://www.instagram.com/p/DXtbOH1DbbW/,"Instagram 슬라이드",,"전체 기간",982,6509,5,1,1,1,8
17893144743456898,17841450824863436,drr__official,"따르릉통신 | 최초의 휴대폰성지","갤럭시 폴더블폰, 진짜 살 만한가?
폴더블폰 2026년 솔직 정리

Z플립 / Z폴드 / Z트라이폴드
갤럭시 폴더블폰은
이렇게 나뉩니다
(현재 라인업:  Flip7, Fold7, TriFold) 

각 폴더블폰이 
어떤 분께 맞을지부터 한 번 정리해볼게요

📱
Z플립은 이런 분께
✔️ 콤팩트하게 들고 다니고 싶다
✔️ 커버 화면으로 알림·위젯을 자주 본다
✔️ 접은 상태에서도 빠르게 확인하고 싶다

특히 Flip7은
작은 폼팩터와 FlexWindow 활용성이 강점이죠

*
폼팩터란?
기기의 형태, 구조, 쓰는 방식을 의미
(* 부분은 작은 글씨로)

📱
Z폴드는 이런 분께
✔️ 멀티태스킹, 큰 화면이 필요하다
✔️ 업무·문서를 폰 하나로 하고 싶다
✔️ 태블릿을 따로 사기 싫다

특히 Fold7은
보다 큰 화면과 멀티태스킹 경험을
전면에 내세우고 있어요

📱
Z트라이폴드는 이런 분께
✔️ 화면이 클수록 좋다
✔️ 멀티태스킹을 더 넓게 쓰고 싶다
✔️ 새로운 폼의 기기를 먼저 써보고 싶다

TriFold는 
아주 큰 화면에 생산성이
더 넓어질 수 있다는 강점이 있죠

📱
다만 아직까지도
많은 분들이 폴더블 폰을
고민하는 이유가

✔️ 가격이 일반 폰보다 높다
✔️ 내구성은 좋아졌지만 직접 체감이 중요하다
인 만큼 직접 만져보고
결정하는 걸 추천해요

어떤 폴더블 폰이
나한테 맞는지 모르겠다면?

따르릉통신에서
직접 비교해보세요

사진: 삼성 공식 홈페이지",0,"04/29/2026 01:30",https://www.instagram.com/p/DXtXw0LDwTf/,"Instagram 슬라이드",,"전체 기간",1302,5415,7,0,3,0,4
18098609900077865,17841450824863436,drr__official,"따르릉통신 | 최초의 휴대폰성지","40대의 스마트폰 잘 쓰는 법

#
자잘한 스트레스는 줄이기

🟡 금융
🟡 건강
🟡 업무
등 중요하게 생각하는 부분의
폴더를 만들어 앱을 정리해 두세요

앱 찾는 시간을 줄이면
자잘한 스트레스도 줄어들어요

#
주기적으로 점검하고
예상 밖의 상황을 예방하기

✔️ 사용하지 않는 앱은 삭제
✔️ 중복된 사진은 정리
✔️ 배터리 성능 상태 점검
✔️ 만일에 대비해 백업해놓기

스마트폰이 제대로 
기능할 수 있도록
때때로 상태를 
점검하는 것이 필요해요

#

건강을 위해
스마트폰 피로도 줄이기

눈 피로를 줄이기 위한
글자 크기, 화면 모드 
설정을 해두세요

스마트폰 생활이 
당연해진 만큼
건강하게 사용하는 것이 
중요해요

#

40대라면
스마트폰 사용도 현명하게",38,"04/29/2026 01:02",https://www.instagram.com/reel/DXtUh4RmLG8/,"Instagram 릴스",,"전체 기간",1625,3672,9,1,0,0,5
18121199632651952,17841450824863436,drr__official,"따르릉통신 | 최초의 휴대폰성지","번호이동 vs 기기변경
뭐가 더 이득일까?

번호이동 vs 기기변경
둘의 차이부터 알기

☑️ 번호이동: 통신사를 바꾸는 것
☑️ 기기변경: 같은 통신사에서 폰만 교체

무조건 번호이동 또는
기기변경이 유리하다기보다는
상황에 맞춰 판단해야 하는데요
따르릉통신이 
간략하게 알려드리자면,

📱 
번호이동이 유리한 경우
✔️ 타 통신사 공시지원금이 더 높을 때
✔️ 현재 통신사 요금제 혜택이 낮을 때
✔️ 오래 같은 통신사를 써왔을 때

📱 
기기변경이 유리한 경우
✔️ 현재 통신사 멤버십·포인트 혜택이 클 때
✔️ 위약금이 남아 있을 때
✔️ 요금제 변경 없이 폰만 바꾸고 싶을 때

📱
번호이동 vs 기기변경
유리한 부분을 따지기 어렵다면?

따르릉통신에
부담 없이 물어보세요",0,"04/28/2026 02:00",https://www.instagram.com/p/DXq2caVEfXJ/,"Instagram 슬라이드",,"전체 기간",604,8917,9,11,2,0,11
18135992251476684,17841450824863436,drr__official,"따르릉통신 | 최초의 휴대폰성지","따르릉통신이 저렴한 이유는?

“다른 곳보다
따르릉통신이 저렴하던데…”

그 이유가 뭘까요?

따르릉통신이
저렴하게 판매할 수 있는
가장 큰 이유는

‘최소한의 마진’만 
남기고 판매하는 구조 때문

저희 매장들 방문해보시면
‘생각보다 규모가 작네?’
라고 생각하실 수 있어요

매장으로 인해 발생하는
고정 지출을 최소화해서
불필요한 비용을 줄이고

그만큼 저렴한 가격으로
줄이려고 하기 때문입니다

또한, 박리다매 형태로
운영되기 때문에
판매량이 자연스럽게 증가하고요

그만큼 타 업체 대비
더 좋은 조건, 정책을 확보해서
그 혜택을 다시 고객분들께
돌려드리고 있죠

더 저렴하게
더 신뢰있게
발전해나가는
따르릉통신이 될게요",37,"04/28/2026 01:30",https://www.instagram.com/reel/DXqy-qADCR-/,"Instagram 릴스",,"전체 기간",2631,4795,5,0,1,0,5
18112787239749497,17841450824863436,drr__official,"따르릉통신 | 최초의 휴대폰성지","폰은 하나 번호는 두 개?!
feat. 일과 삶 분리하기

요즘 업무 또는 사회생활과
일상을 분리하기 위해
eSIM을 활용하는 분들이 있어요 

eSIM을 통해
번호나 요금제를
하나 더 추가하는 거죠

eSIM이란?
스마트폰에 내장된 디지털 유심

실물 유심 교체 없이
QR코드나 통신사 앱으로
추가 개통할 수 있죠

💡
eSIM
이렇게 활용할 수 있어요

✔️ 업무용 / 개인용 번호 분리
  번호는 두 개, 폰은 하나

✔️ 해외여행시 현지 요금제 추가
  유심 교체 없이 간편하게 연결

✔️ 요금제 병행
  기존 번호는 유지하고
  보조 회선으로 데이터 활용

📱
내 폰도 eSIM이 될까?
잘 모르겠다면,
따르릉통신에서
바로 확인해드려요",0,"04/28/2026 01:01",https://www.instagram.com/p/DXqvo5zAS-O/,"Instagram 슬라이드",,"전체 기간",808,4075,5,0,0,0,5
18004576793732709,17841450824863436,drr__official,"따르릉통신 | 최초의 휴대폰성지","폰 교체 전에
이것부터 확인하세요

폰을 교체하면서
예전 폰을 중고거래하거나
지인 또는 가족에게 양도할 경우,
공장 초기화만 하면 끝일까요?

초기화 후에도
이전 계정이 남는 경우가 많아요

어떤 과정을 거쳐야 하는지
따르릉통신이 알려드릴게요! 

①
구글, 애플 계정 정리 

초기화 전에
구글, 애플 계정에서 로그아웃 해주세요

로그아웃하지 않으면
Activation Lock 또는 FRP 때문에
다음 사용자가
바로 쓰지 못할 수 있어요

- Activation Lock / FRP
: 휴대폰을 초기화해도 원래 주인 계정 확인이 필요한 보안 잠금 장치

② 
간편결제, 카드 등록 상태 확인 

삼성월렛, 애플월렛, 카카오페이 등
기기에 등록된 결제수단이
남아 있지 않은지
하나 하나 꼭 확인하세요

③ 
마지막에 공장 초기화 

갤럭시
설정 → 일반 관리 → 초기화 → 공장 초기화

아이폰
설정 → 일반 → 전송 또는 iPhone 재설정
→ 모든 콘텐츠 및 설정 지우기

기종에 맞는 경로로
마지막에 초기화하세요

기기 변경하면서
어려운 부분이 있다면?
따르릉통신에서
함께 점검해 드릴게요 🙂",0,"04/27/2026 01:30",https://www.instagram.com/p/DXoOKaCDewk/,"Instagram 슬라이드",,"전체 기간",1143,5861,6,0,1,0,19
18073506959248797,17841450824863436,drr__official,"따르릉통신 | 최초의 휴대폰성지","스토킹 가해자 위치 이제 앱으로 본다

앞으로 스토킹 피해자는
가해자가 일정 거리 안으로 접근할 시
스마트폰 지도 화면에서
가해자의 실제 위치와 이동 경로를
확인할 수 있게 됩니다

기존에는
“가까이 접근했다”는 식의
문자 안내가 중심이었다면

이제는
지도에서 위치를
직접 확인하는 방식으로 바뀌는 겁니다

법무부는
관련 모바일 앱 개발을 완료했고
현장 테스트를 거쳐
2026년 6월부터
본격 운영할 예정이라고 해요

*
관련 개정 법률 시행일은
2026년 6월 24일

여기에 더해
경찰이 현장에서
빠르게 대응할 수 있도록
법무부 위치추적시스템과
경찰청 112 시스템을 연계한
피해자용 스마트워치 연동도 
추진되고 있어요

🚨
스마트폰
이제 범죄 예방까지",0,"04/27/2026 01:00",https://www.instagram.com/p/DXoKvHhgd70/,"Instagram 슬라이드",,"전체 기간",1035,7120,20,7,4,0,22
18119017831659293,17841450824863436,drr__official,"따르릉통신 | 최초의 휴대폰성지","약정이 끝나고
요금이 줄어들 줄 알았는데
그대로라면?

이것부터 확인해 보세요! 

✔️ **약정 종료
🟰요금제 자동 종료**❓
NO!

통신사가
요금을 알아서
낮춰주지는 않아요

약정이 종료되었다면
해지 의사를 표시하고,

직접 여러분에게 맞는
요금제를 찾는 것이
중요합니다

✔️ 할인 혜택 확인 

약정 기간 동안 적용된
할인 혜택 (ex. 선택 약정 등)은
약정이 끝나면
자동으로 사라질 수 있어요

그래서
실제 요금을 더 내는 것처럼
느껴질 수 있습니다

✔️ 불필요한 부가 서비스 

생각보다 많은 분들이
부가 서비스 가입한 걸 잊고
요금을 내고 계시는데요

애초에 휴대폰 구입할 때부터
불필요한 부가서비스에
가입하지 않는 게 좋습니다

손해 없이
휴대폰 쓰고 싶다면?

따르릉통신에서
상담 받아보세요!",36,"04/24/2026 01:46",https://www.instagram.com/reel/DXghloeCnEo/,"Instagram 릴스",,"전체 기간",5874,5003,10,0,4,0,7
17911830345379313,17841450824863436,drr__official,"따르릉통신 | 최초의 휴대폰성지","2만 원대 5G 요금제 나온다

정부와 3대 통신사가
(SK텔레콤, KT, LG유플러스) 
통신비, 보안, 망 투자까지
한 번에 손본다는 소식입니다

최근
첫 공식 간담회를 열고
2만 원대 5G 요금제를 비롯해
보안, 망 투자에 대한
논의가 이뤄졌습니다

가장 눈에 띄는 건
통신요금 개편입니다 

☑️ 2만 원대 5G 요금제
☑️ 저속 무제한(QoS) 확대
 (데이터를 다 써도 끊기지 않는) > 작은 글씨로
☑️ 어르신 대상 음성, 문자 제공 확대

또한,
지하철 와이파이 > 5G로 고도화
고속철도 구간 품질 개선
차세대 네트워크 투자까지
함께 추진된다고 해요

통신요금 개편이 실행된다면 
이제 요금제 경쟁이 아닌
품질 경쟁으로 이어지지 않을까
예측해 봅니다

♦️
통신은 이제
단순한 선택이 아닌
생활에 꼭 필요한 기반입니다",0,"04/24/2026 01:30",https://www.instagram.com/p/DXgfxzKERlK/,"Instagram 슬라이드",,"전체 기간",558,6614,7,1,0,0,7
18100660726968822,17841450824863436,drr__official,"따르릉통신 | 최초의 휴대폰성지","새 폰을 받았을 때
가장 먼저 해야 하는 건?

새 폰을 받았을 때
이것 먼저 확인하지 않으면
먹통이 될 수도 있어요

새 폰 켜기 전에
가장 먼저 해야 할 일
따르릉통신이 알려드릴게요

✅
유심보호서비스
가입 여부 확인

가장 먼저
통신사를 통해
개인정보 유출 방지를 위한
‘유심보호서비스’
부가 서비스에 가입하였는지
확인해야 합니다!

이걸 해지하고 
유심을 옮겨야
네트워크가 잠기지 않습니다!

기존 폰에서
통신사 앱을 실행한 뒤
‘유심보호서비스’ 해지를 하고
새 폰에 유심을 넣어 켜주셔야
무사히 개통할 수 있어요!

이외에도 
문제가 발생했다면
따르릉통신에 
먼저 물어보세요",35,"04/24/2026 01:02",https://www.instagram.com/reel/DXgck20gePF/,"Instagram 릴스",,"전체 기간",8422,6974,48,8,34,0,66
18080201318632584,17841450824863436,drr__official,"따르릉통신 | 최초의 휴대폰성지","아이 첫 스마트폰 이것부터 설정

우리 아이의 첫 스마트폰
사주는 것보다도
첫 세팅이 더 중요합니다

아이에게 스마트폰은
어른처럼 알아서 쓰는 기기가 아닌
✔️ 연락, 위치 확인과 같은 안전
✔️ 올바른 생활 습관 형성
을 위한 것이라 생각하셔야 해요

✅ 우리 아이 스마트폰을 ‘왜’ 사주었는가?
부모께서 아이에게
‘왜’ 스마트폰을 사주셨는지를
먼저 생각하신 뒤
폰을 설정해주시면 좋습니다
연락용인지, 위치 확인용인지,
등하교용인지, 아이의 공부를 위해서인지
생각하신 후 휴대폰 설정을 해보시는 겁니다

✅ 홈 화면은 최대한 단순하게 정리하기
첫 화면에
아이들이 좋아하는 앱을
한꺼번에 보이게 하면 딴길로 새기 쉽죠

따라서, 첫 배경화면에는
부모가 생각해두신 우선 순위에 맞는
앱을 모아두시는 게 좋아요
ex. 전화, 문자, 부모 연락처 메모 위젯, 위치 관련 앱, 공부 어플 등 

이외에도
✅ 앱 설치 결제 제한
✅ 꼭 필요한 알림만 울리도록 설정
✅ 아이와 함께 스마트폰 사용 대처 연습
(ex. 모르는 번호가 왔을 때, 링크 문자가 왔을 때, 
친구가 사진을 보내달라고 할 때, 폰을 잃어버렸을 때 등) 

🙂
아이의 첫 스마트폰 사용,
시작이 중요합니다",0,"04/23/2026 01:30",https://www.instagram.com/p/DXd6_NXAZx2/,"Instagram 슬라이드",,"전체 기간",610,5678,11,1,1,4,9
17850222036675721,17841450824863436,drr__official,"따르릉통신 | 최초의 휴대폰성지","판매왕 따르릉통신 영업 자기계발법
feat. 소통을 위한 업무 TIP

① 고객 응대 스킬 연습하기
단순히 친절한 말투를 쓰는게 아니라
설명 방식, 설득 흐름, 맺음말 까지
함께 생각하고 다듬어나가고 있어요

그래야 상담의 신뢰도와
성사율을 높일 수 있거든요

② SNS 트렌드는 바로바로
요즘 고객님들은
매장에 오기 전부터
릴스와 숏폼 등으로 정보를 접하죠

그래서 인스타 트렌드를 꾸준히 살펴야
어떤 정보에 반응하는지 읽을 수 있고,
그 감각이 상담으로도 이어져요

③ 리뷰 통해 고객 만족도 연구
리뷰나 전해져 오는 후기는
실제 고객님들이 남기는
가장 현실적인 반응이죠

특히 아쉽다고 남겨진 후기는
응대와 운영을 보완할 단서를 주는 만큼,
꾸준히 확인하고 
반영해나가고 있습니다

🙂
소통&영업 능력은
저절로 키워지는게
아니더라고요",0,"04/22/2026 01:40",https://www.instagram.com/p/DXbXVEoDQIt/,"Instagram 슬라이드",,"전체 기간",3004,4391,6,0,4,0,7
17885987298378002,17841450824863436,drr__official,"따르릉통신 | 최초의 휴대폰성지","공부 집중 깨는 자녀 폰 세팅 3가지

요즘은 스마트폰이
공부 환경에 중요한
영향을 미치죠

그런데
휴대폰 화면 설정에 따라서
도우미가 될 수도
방해꾼이 될 수도
있습니다

특히 공부 집중을 깨는
자녀 폰 세팅 3가지를 짚어드릴게요 

1️⃣ 알림이 너무 많이 켜져 있는 경우
메신저, 게임, 쇼핑, 영상 앱 등의
알림이 계속 뜨는 상태라면
공부 중 집중 흐름이 깨지기 쉬워요
꼭 필요한 앱만 알림을 허용해두고
배너, 소리, 미리보기 알림도
최소화하는 것이 좋습니다

2️⃣ 공부 앱과 딴짓 앱이 같은 화면에 있는 경우
예를 들어, 첫 화면에
유튜브, 게임, 웹브라우저와 함께
공부 관련 앱이 함께 배치되어 있다면?
유혹에 지기 쉽겠죠?
인강, 과제, 사전, 메모 등
공부 관련한 앱만 한 화면에
배치될 수 있도록 세팅해두는 것이 좋아요

3️⃣ 부모 기준으로 휴대폰 기본 설정이 세팅된 경우
앱 계정이 부모 계정으로 연동되어서
앱스토어, 검색기록, 추천 알고리즘이
정리되지 않은 경우도
공부 흐름을 방해하게 돼요
애초에
아이 사용 목적에 맞게
따로 초기에 세팅을 해두셔야 합니다

🙂
아이의 스마트폰,
어떻게 세팅하느냐에 따라
성적이 달라질 수도 있어요",0,"04/22/2026 01:30",https://www.instagram.com/p/DXbWL_pDsA0/,"Instagram 슬라이드",,"전체 기간",527,5823,7,2,1,0,6
18078023408159886,17841450824863436,drr__official,"따르릉통신 | 최초의 휴대폰성지","갤럭시 카메라
사진&영상 TIP

**갤럭시 카메라**로 
**더욱 좋은 화질**의
사진과 영상을 찍으려면?

따르릉통신이
알려드리는대로
따라해보세요

**사진은 이렇게** 

✅ **3:4 비율로 찍기**
가장 시원한 화면으로 찍히면서도
인스타 업로드 비율에 잘 맞아요

✅ **화소는 12M**
안정적인 기본값이에요
이보다 더 높은 화소는
용량을 너무 많이 차지하게 돼요

✅ **RAW 촬영 옵션 ON**
보정을 많이 하는 분이라면 필수
RAW & JPEG로 저장해두시면
보정 활용도가 높아져요

**영상은 이렇게**

✅ **영상 HDR OFF**
카메라 설정 - 동영상 형식 HDR
옵션을 꺼야
색감이 이상해지는 걸 막고
자연스러운 영상을 찍을 수 있어요

✅ **9:16 비율 
  UHD 30FPS 해상도**
가장 안정적이고, 
SNS에 올리기도 좋은 화면이에요

이 밖에도
사진 영상 찍을 때
**카메라 설정 - 촬영 가이드**를 켜두면
수평을 맞춰 찍을 수 있어 
고퀄리티 결과를 얻을 수 있어요

🤳
사진, 영상 때문에
갤럭시 망설였나요?
이제 그럴 필요 없어요",0,"04/21/2026 01:30",https://www.instagram.com/p/DXYxZQfmCt1/,"Instagram 슬라이드",,"전체 기간",1032,3521,21,1,6,0,21
17850653709674969,17841450824863436,drr__official,"따르릉통신 | 최초의 휴대폰성지","아이폰 LIVE photo 알고 보니 용량 도둑?

소리 안 나게 찍으려고
LIVE 켜두시는 분들 많죠

근데 이게
스마트폰 용량을
많이 잡아먹고 있다는 걸
알고 계시나요?

아이폰 LIVE 설정은
사진 한 장만 저장하는 게 아닌
촬영 전후 장면과 오디오까지
함께 기록하게 되죠

따라서
일반 사진보다
저장되는 정보가
많을 수밖에 없습니다

예를 들면,
일반 사진 2MB에 LIVE가 붙으면
약 1.7배 정도
용량이 더 크게 저장됩니다

대략적으로
LIVE로 사진을 찍으면
보통 1.5~1.7배 정도
용량이 더 많이 저장된다고
생각하시면 돼요

사진 찍는 소리가 너무 싫지만
용량 걱정도 된다면?

LIVE 설정으로 찍고 나서
일반 사진으로 따로 저장, 복제한 뒤
원본은 삭제하시면 돼요

✔️
아이폰 용량 관리,
사용 설정부터 
CHECK 하세요

사진 출처: 애플 홈페이지",0,"04/21/2026 01:01",https://www.instagram.com/p/DXYuHpIkfhS/,"Instagram 슬라이드",,"전체 기간",840,5709,4,4,1,0,4
17933044545218075,17841450824863436,drr__official,"따르릉통신 | 최초의 휴대폰성지","위험한 밤길, 휴대폰 안심 버튼
가족에게 미리 알려주세요

“밤에 으슥한 골목에서
누군가가 따라오고 있다”

이런 상황이라면
여러분은 어떻게 하실 건가요?

‘도망가면 되지’
‘112 누르면 되지’
라고 생각하지만 쉽지 않죠

📱
이런 상황에 대비해
버튼 한 번으로 신고하고, 
위치 전송까지
가능한 방법을 알려드릴게요
미리 설정해두세요

경찰청 공식
112 신고앱 설치 
✔️ 위장 전화 기능
✔️ 버튼 한 번으로 바로 신고
✔️ 조용히 내 위치 전송

골목길을 걸어가야 할 땐
미리 앱을 실행해 두세요

이 밖에도
☑️ 긴급 SOS 또는 통화기능
 (전원 버튼, 측면 버튼 설정)

☑️ 실시간 위치 공유 ON
  카톡, 네이버 지도,
 구글 지도, 아이폰 나의 찾기 기능 활용

☑️ 큰 소리 알람 앱 설치
  사이렌 앱, 손전등 등 앱 등을
  잠금 화면 위젯으로

미리 설정하는 방법이 있어요

🚨
사건, 사고는
언제 일어날지 몰라요
미리 예방해두세요",0,"04/20/2026 01:30",https://www.instagram.com/p/DXWMmTZD7Ly/,"Instagram 슬라이드",,"전체 기간",1174,4859,7,2,1,0,17
17960379657098864,17841450824863436,drr__official,"따르릉통신 | 최초의 휴대폰성지","아이폰 20, 풀스크린?
어떻게 가능한 걸까

애플이
아이폰 출시 20주년을 기념해
FULL SCREEN
풀스크린을 적용한다는
소식이 전해졌어요

그런데 어떻게
풀스크린이 가능할까요?

1️⃣ 
Face ID 부품을 화면 아래로
현재 알려진 바로는
애플은 Face ID 일부 또는
전체를 디스플레이 아래로
옮기는 방향이 거론되고 있다고 해요

센서가 화면 아래에서도
빛과 적외선 정보를 읽어야 하거든요

2️⃣ 
전면 카메라도 화면 아래로
사실 카메라는 빛을 받아야 하는 만큼
전면 카메라를 화면 아래로 옮기는 건
Face ID를 아래로 숨기는 것보다
더 어려운 과제랍니다

그래서 아이폰 풀스크린이 된다면
카메라가 어디에 위치할 지가
관심을 모으고 있죠

3️⃣ 
베젤과 모서리도 거의 안 보이게
화면이 가장자리까지 이어져
정면에서 보면
‘한 장의 유리’처럼 보이도록 해야 돼요

그래서 이번 20주년 아이폰은
곡면 유리, 매우 얇은 베젤,
컷아웃 없는 전면 디자인이
돋보일 전망입니다

20주년 아이폰
여러분은 어떤 변화를 
기대하시나요?",0,"04/20/2026 01:01",https://www.instagram.com/p/DXWJRRxDasC/,"Instagram 슬라이드",,"전체 기간",411,10723,10,5,0,0,7
17860843635625607,17841450824863436,drr__official,"따르릉통신 | 최초의 휴대폰성지","폰으로 연결되는 세상
더 외로워진다면?

손에서 잠시만 멀어져도 불안하고
다시 손에 쥐면 마음이 소란해지는
스마트폰 세상

세상과 연결될수록
나 자신과는 멀어지는 것 같나요?

스마트폰은
나를 감시하는 눈이 아니라
나를 지탱해주는 지팡이여야 하죠

무엇을 보고
무엇을 선택할지
여유를 가지는 방향으로
스마트폰을 달리 바라보세요

여러분의 스마트폰은
현재 어떤 모습인가요?

당신을 흔드는 파도가 아닌
당신의 마음을 안아주는
다정한 구급함이길 바랍니다

따르릉통신이
당신의 평온한 스마트폰 일상을
응원할게요",0,"04/18/2026 01:30",https://www.instagram.com/p/DXRDAkiAfPm/,"Instagram 슬라이드",,"전체 기간",1814,2768,18,0,2,0,14
18059816984464254,17841450824863436,drr__official,"따르릉통신 | 최초의 휴대폰성지","분쟁 상황 수집
비밀 녹음 켜는 법
for 갤럭시, 아이폰 모두

갑작스러운 분쟁 상황,
위협적인 상황에서
증거를 수집하기 위해
녹음기를 켜는 건 어려운 일이죠

스마트폰을 꺼내
화면을 켤 필요 없이
버튼만 눌러 즉시 녹음이 되는
방법을 알려드릴게요!

갤럭시
👉 ‘측면 버튼’ 기능 활용

갤럭시 스토어에서
Good Lock 앱 설치 후
RegiStar 모듈 실행
▶️ ’측면 버튼 길게 누르기 액션’ 활성화
▶️ 앱 실행 옆 톱니바퀴 탭 후
 ‘음성 녹음-녹음 시작’ 선택

이렇게 설정해두면
전원 버튼을 1초만 꾹 눌러도
화면이 꺼진 상태에서 바로 녹음이 돼요

아이폰
👉 단축어 기능 활용하기

아이폰 15 프로 이상 모델인 경우
1. 설정에서 [동작 버튼] 메뉴 실행
2. 메뉴를 옆으로 밀어 [음성 메모] 선택
👉 측면 버튼만 꾹 누르면 
  화면이 꺼진 상태에서 즉시 녹음 시작

동작 버튼이 없는 아이폰인 경우
1. 설정 > 손쉬운 사용 > 터치 > 뒷면 탭 이동
2. 이중 탭 또는 삼중 탭에 [단축어-음성 메모] 연결
👉 폰 뒷면을 이중 또는 삼중으로 
  두드리기만 하면 녹음 가능

분쟁 많은 시대
녹음 기능 
미리 준비해두세요",0,"04/17/2026 01:30",https://www.instagram.com/p/DXOeOLxiZTQ/,"Instagram 슬라이드",,"전체 기간",877,7008,16,3,6,0,51
17888843256351435,17841450824863436,drr__official,"따르릉통신 | 최초의 휴대폰성지","스마트폰으로
불안 다스리는 방법

쉴 새 없이 울리는 알림…
자극적인 외부 정보…

왜인지 스마트폰이
나를 방해하고 스트레스받게 하는
도구같이 느껴진다면?

사용법을 전환해서
스마트폰을
불안을 다스릴 수 있는 도구로
바꿔보세요!

♦️
나만의 마음 챙김
집중 모드 만들기

[설정] > [집중 모드]에서
‘마음 챙김’ 또는 ‘휴식’ 모드를
설정해 보세요

꼭 필요한 사람의 연락만 받고
명상 앱이나 잔잔한 음악 앱만
실행되도록 제한하면
오로지 나를 기준으로 호흡하고
집중할 수 있는 환경이 만들어집니다

♦️
배경화면에 ‘안심 위젯’
배치해두기

불안이 엄습할 때
바로 누를 수 있도록
호흡 가이드 & 오늘의 감사 문구를
받아볼 수 있는 앱을 설치해
안심 위젯으로 배치해두세요

*
‘호흡 가이드’ 위젯 추천
: iBreathe, Breathwrk 앱
갤럭시에선 별도 앱 없이 [삼성 헬스] 앱 내 ‘호흡’ 기능 위젯 사용 가능

‘오늘의 감사 문구’ 위젯 추천
: 감사의 정원, Motivation

스마트폰으로도
불안을 다스려보세요",0,"04/17/2026 01:00",https://www.instagram.com/p/DXOa2Q4jaf6/,"Instagram 슬라이드",,"전체 기간",1809,2313,10,3,0,0,20
18458486188108933,17841450824863436,drr__official,"따르릉통신 | 최초의 휴대폰성지","검지로 누르면
내 최애 앱이 바로?
for 갤럭시 사용하시는 분

잠금 해제할 때만 
지문을 쓰시나요?

이제는 지문 하나로
원하는 앱을
즉시 실행할 수 있어요

별도 앱 없이
갤럭시 설정으로 가능합니다

1️⃣ 설정-모드 및 루틴-루틴 탭
2️⃣ 실행 조건으로 ‘지문으로 잠금 해제’ 선택
3️⃣ 특정 손가락 지정 (예: 왼손 검지)
4️⃣ 동작에서 ‘앱 열기’ 누르고 실행하고 싶은 앱 선택 

자주 쓰는 앱을
손가락마다 지정해두면
편리하게 앱을 열 수 있어요

예를 들어,
✔️ 편의점 결제 직전 삼성페이 띄우기
✔️ 출근길 버스 안에서, 음악 앱 바로 재생하기
✔️ 급하게 메모할 때 노트 앱 바로 실행하기

지문만 갖다대면
필요한 앱이 바로 나오니까 편리하죠

지금 바로,
손가락 지문별로
최애 앱을 연결해보세요",0,"04/16/2026 01:30",https://www.instagram.com/p/DXL5aqeDwNv/,"Instagram 슬라이드",,"전체 기간",1112,3054,12,3,0,0,9
18198609328352993,17841450824863436,drr__official,"따르릉통신 | 최초의 휴대폰성지","연락처 저장 안 해도
이름 뜨게 하는 법
feat. 전화 올 때

업무상 잠깐 연락하는 사이인데…
택배 연락처인데…
카톡 친구에 뜨는 건 부담스러운데…
그렇다고 저장을 안 하자니
불편할 것 같다면?

연락처 저장하지 않고도
전화가 오면 이름이 뜨도록
설정할 수 있어요!

갤럭시 설정 방법
1️⃣ 통화 기록에서 해당 번호 누른 후 [태그 추가] 탭
2️⃣ 상대방 이름 입력하고 저장
이렇게 설정해두면
연락처 목록에 없어도
전화가 올 때 태그된 이름이
화면에 표시됩니다

아이폰 설정 방법
1️⃣ 통화 목록에서 번호 옆의 [i] 탭
2️⃣ 아래로 내려서 [이름 추가] 탭
3️⃣ 이름 입력하면 제안된 연락처 형태로 등록
아이폰에서도
통화 목록의 번호에 이름 추가를 해두면
발신자 확인이 가능해요

불필요한 번호 저장은 줄이고
꼭 필요한 정보만 스마트하게!",0,"04/16/2026 01:01",https://www.instagram.com/p/DXL2IShjQ-O/,"Instagram 슬라이드",,"전체 기간",568,7819,24,4,3,0,45
18142908880499590,17841450824863436,drr__official,"따르릉통신 | 최초의 휴대폰성지","인스타 DM
아직도 그냥 보내세요?
작게, 크게, 진하게, 기울게 & 낙서까지 가능!

♦️ 작은 글씨 만들기
~텍스트~
마지막 물결 뒤에 띄어쓰기 없이
텍스트가 입력되어야 만들어져요

♦️ 큰 글씨 만들기
# 텍스트
샵 뒤에 한 칸 띄운 후,
텍스트를 입력하면 글씨가 커져요

♦️ 진한 글씨 만들기
*텍스트*
특수문자 별 사이에 텍스트를 넣으면
볼드체로 글씨가 진해져요

♦️ 기울어진 글씨 만들기
_텍스트_
텍스트 앞뒤로 _를 입력하면
글씨가 기울어져요
단, 영어만 가능하답니다

♦️DM창에 낙서하기
메시지 입력창 옆 + 탭 후,
그리기 버튼을 클릭하고
공간 추가 버튼을 누른 후 그림을 그려보세요
그린 그림을 꾸욱 누르면 스티커로도 저장돼요!

+채팅창 위에도 낙서 가능하답니다 (+ 다음에 띄어쓰기 넣어주세요)

나만의 개성을 담은
DM으로 재미있게
이야기 나눠보세요",0,"04/15/2026 01:30",https://www.instagram.com/p/DXJUn43D5Oq/,"Instagram 슬라이드",,"전체 기간",544,10212,63,107,2,1,79
17888420055355521,17841450824863436,drr__official,"따르릉통신 | 최초의 휴대폰성지","실구매가 0원?
속지 마세요!

휴대폰 구매할 때
말로 현혹되었다가
손해 보고 산 적이 있으신가요?

새로운 폰 살 때
따르릉통신이 알려드리는
3가지만 딱 기억하세요!

✔️
실구매가 0원에 속지 마세요

“월 납부금 or 실구매가
0원?”

이때에는 카드 제휴 할인이
‘필수’ 조건인지 ‘선택’ 사항인지
확인하셔야 해요

‘아무 조건 없이
할인된 최종 할부원금이 얼마인가?’
가 중요합니다! 

✔️
공시 지원금 vs 선택 약정
비교하기

기기값을 직접 할인받는 ‘공통지원금’
매달 요금의 25%를 할인받는 ‘선택 약정’
둘 중에 무엇이 유리한지
따져봐야 합니다!

보통 고가 요금제 사용 시
선택 약정이 유리한 경우가 많아요! 

✔️
불필요한 조건 유무 파악
(반납 조건, 장기 할부 등)

내가 안내받지 않은 부가서비스에
강제로 가입되거나,
2년 뒤에 폰을 꼭 반납해야 하는 등
독소 조항이 있는지 확인하세요

현명한 휴대폰 구매,
어렵게 느껴지신다면?

따르릉통신이
불편하지 않게 알려드릴게요!",49,"04/15/2026 01:02",https://www.instagram.com/reel/DXJRaQSDzxh/,"Instagram 릴스",,"전체 기간",2515,1845,8,3,1,0,4
17862981870674436,17841450824863436,drr__official,"따르릉통신 | 최초의 휴대폰성지","G-mail 쓴다면? 
구글 AI 정보 유출 조심
feat. 개인정보 보호하는 법

구글 AI 스마트 기능은
사용자의 사용 환경을 활용해서
맞춤 설정한다고 되어 있어요

이는 다른 말로 바꾸면
여러분의
메일, 채팅, 미팅 등
모든 콘텐츠 활동을 사용하여
학습하겠다는 것입니다

그리고 이는
자동 동의 상태로 진행되기 때문에 (박스 강조)
원하지 않는다면 바로 꺼두셔야 합니다

♦️ 스마트폰에서 끄는 방법
1️⃣ Gmail 앱 실행
2️⃣ 오른쪽 상단 프로필 사진 클릭
3️⃣ Google 계정 관리 클릭
4️⃣ ‘데이터 및 개인정보 보호’ 이동
5️⃣ 아래로 내려 ‘Gmail의 스마트 기능 및 개인화’
6️⃣ 해당 항목 OFF 비활성화

만약
‘Gmail의 스마트 기능 및 개인화’ 항목이
보이지 않는다면?
👉 이미 꺼져있거나
  PC로 설정해야 할 수도 있습니다

♦️ PC 설정 방법
1️⃣ Gmail 접속
2️⃣ 오른쪽 상단 ⚙️클릭
3️⃣ 모든 설정 보기
4️⃣ 아래로 스크롤 및
  스마트 기능 항목 체크 > 비활성화

이렇게 설정하셔도 됩니다

개인정보 보안
스스로 챙겨야 합니다",0,"04/14/2026 01:30",https://www.instagram.com/p/DXGv1SrjJMQ/,"Instagram 슬라이드",,"전체 기간",997,5988,34,19,6,1,47
17885445198499276,17841450824863436,drr__official,"따르릉통신 | 최초의 휴대폰성지","애플 AI 신기능
아직도 안 써보셨어요?

▶️ 통화 대기 지원
고객센터 연결 대기할 때
다른 앱을 사용하거나
폰을 내려놓아도 돼요

상담사가 실제 연결되는 순간
바로 벨을 울려
통화할 수 있도록 해주죠

▶️ 이미지 플레이그라운드
✔️ 카톡, 메시지용 짤 만들 때
✔️ 프로필 이미지 만들 때
✔️ 콘텐츠 소재 만들 때

텍스트만 입력하면
사진 자료 없이도 이미지를 만들어줘요

▶️ Writing Tools
✔️ 문자, 메일 쓸 때
✔️ 글을 정리해야 할 때
✔️ 요약이 필요할 때

문장을 수정하고
톤을 변경하고
요약까지 해주는 AI 기능이에요

아이폰 AI 신기능
지금 바로 실행해보세요",0,"04/13/2026 01:30",https://www.instagram.com/p/DXELCXaCXmf/,"Instagram 슬라이드",,"전체 기간",860,6204,10,5,4,0,5
17901375294417161,17841450824863436,drr__official,"따르릉통신 | 최초의 휴대폰성지","갤럭시 AI 핵심은
‘검색 안 해도 됩니다’

Now Brief
Circle to Search
👉 이미 쓰고 있는 기능을 더 빠르게

삼성은 2026년
새 앱을 설치하는 것보다도
기본 탑재 기능을 통해
AI로 더 쉽게 활용하도록
전환을 꾀하고 있습니다
더 자세히 살펴볼까요?

Now Brief 
앱을 열기 전에
이미 다 보여주는 것

홈 또는 잠금 화면에서
일정, 날씨, 이동, 알림, 추천 정보 등
지금 필요한 정보를 요약해서
보여주는 것이
삼성 AI의 핵심입니다

Circle to Search 
원하는 부분은 곧바로 알아내기

화면에서 원하는 부분을
동그라미 치면
이미지, 텍스트, 제품, 정보 등을
바로 검색할 수 있게 하죠

검색을 따로 하지 않아도
곧바로 알 수 있도록 하는 데
초점을 둔 것입니다

👉 쇼핑하다가 제품을 바로 비교하고
👉 인스타를 보다가 궁금한 물건을 바로 찾고
👉 사진 속 여러 정보를 동시에 알 수 있는

앱을 통해서가 아니라
스마트폰 기능으로 구현하는 것이
삼성 스마트폰 갤럭시 AI의 
핵심 키워드입니다

지금 필요하고
지금 궁금한 걸
바로 아는 게 당연한 시대",0,"04/13/2026 01:01",https://www.instagram.com/p/DXEHumSmESQ/,"Instagram 슬라이드",,"전체 기간",1379,2369,7,0,3,0,10
17888304048351111,17841450824863436,drr__official,"따르릉통신 | 최초의 휴대폰성지","스마트폰을 샀다면 초기 세팅부터 제대로 하는 게 중요합니다!

데이터 구조 + 시스템 안정 + 성능 최적화
를 결정하는 일이거든요

초기 세팅을 어떻게 하느냐에 따라
스마트폰 편리성이 달라집니다

어떻게 초기 세팅해야 하는지
따르릉통신이 알려드릴게요

📲
데이터 이전 준비 (백업) 

✔️ 구글 계정, 애플 계정 로그인 확인 및 2단계 인증 여부 확인
✔️ 필수 데이터 백업
✔️ 카카오톡 대화 백업
✔️ 중요한 사진, 영상은 외장 하드에 저장 (동기화 오류 대비)

데이터 이전은
새 폰 사기 전에 미리 해두시는 것이 좋아요

📲
데이터 이전하는 과정에서
✔️ 위치 서비스 ON
✔️ 알림 허용 ON
✔️ 앱 권한 기본 허용
등을 체크해두시는 게 좋아요

체크를 하지 않으면
앱 알림이 오지 않거나, 위치 기반 기능 오류가 생기거나
일부 앱 재설정이 필요할 수 있어요
* OS가 처음 설정값을 ‘기본값’으로 고정하기 때문

📲
✔️ 시스템 업데이트
✔️ 앱 업데이트
는 꼭 진행해 주세요

시스템 업데이트를 통해
초기 버그에 대한 최적화 패치를 반영할 수 있고요
구버전 앱은 오류 및 배터리 문제를
야기할 수 있어 업데이트하는 게 중요합니다

😀
어렵게 느껴진다면
따르릉통신에
구매부터 초기 세팅까지!",0,"04/11/2026 01:30",https://www.instagram.com/p/DW_Bd_nCNQU/,"Instagram 슬라이드",,"전체 기간",758,2514,8,0,4,0,18
17919646197304244,17841450824863436,drr__official,"따르릉통신 | 최초의 휴대폰성지","차 타면 멀미? 스마트폰으로 해결!
feat. 아이폰 숨은 기능 & 갤럭시 사용법

“iPhone and iPad 
can help reduce motion sickness in vehicles”

iOS 18 공개 시 발표됐던 기능 중 하나가 바로
Vehicle Motion Cues 입니다 
멀미를 완화할 수 있는 기능이죠!

👀 눈 → “나는 정지 상태”
🧠 내이(전정기관) → “나는 움직이는 중”

애플은
이 **감각 불일치(sensory conflict)**가
멀미 원인이라고 봤습니다
그리고 그걸 해결할 수 있는 팁을 아이폰에 넣어놨죠

💡
Vehicle Motion Cues
: 차량 동작시 발생하는 멀미,
시각 정보와 전정기관 감각 사이 불일치를
해결하기 위한 차량 동작 신호

📱
애플은
화면 가장 자리에 ‘움직이는 점’을 표시해서
이 점들이 차량 움직임 방향과 동기화되어 이동하도록 했죠

그럼 이걸 어떻게 사용할 수 있을까요?

☑️ 설정 →  손쉬운 사용 → 동작(Motion) → Vehicle Motion Cues 켜기
☑️ 설정 → 제어센터 → Vehicle Motion Cues 추가

아이폰에서는
차량 이동 시 자동 실행되도록 활성화하거나,
필요시 ON/OFF 할 수 있도록 제어센터에 추가해두세요

그렇다면 갤럭시에서는 사용할 방법이 없을까요?

📱

갤럭시에서는
✔️ 차량 모션 큐 APK
✔️ Vehicle Motion Cues
앱을 통해 사용해 볼 수 있습니다

😀
멀미도 스마트폰으로
해결하는 시대네요",0,"04/10/2026 01:30",https://www.instagram.com/p/DW8cp-dFYfI/,"Instagram 슬라이드",,"전체 기간",733,3314,6,9,1,0,8
17964865440053317,17841450824863436,drr__official,"따르릉통신 | 최초의 휴대폰성지","잠들기 전,
스마트폰을 보는 건
어쩌면 일상의 건강을 해치는
최악의 습관일 수 있어요

숙면 방해, 우울증 발생, 뇌 기능 저하 등…

🌛
오늘 밤부터라도
스마트폰은 일찍 내려놓아보세요",34,"04/10/2026 01:02",https://www.instagram.com/reel/DW8Zc86jH16/,"Instagram 릴스",,"전체 기간",2485,2014,10,1,6,0,7
18112675003747994,17841450824863436,drr__official,"따르릉통신 | 최초의 휴대폰성지","따르릉통신 신내점 4월 1일 GRAND OPEN",19,"04/09/2026 22:16",https://www.instagram.com/reel/DW8GWKzAVgf/,"Instagram 릴스",,"전체 기간",361,262,5,0,0,0,2
17891377890452763,17841450824863436,drr__official,"따르릉통신 | 최초의 휴대폰성지","스마트폰 바꿔야 하는 신호 3

✅ 
하루에 충전을 2번 이상 한다면?

효율이 많이 떨어진 상태입니다
리튬이온배터리는
충전, 방전 반복으로 성능이 저하될 수 있어요

외출할 때마다 충전 걱정하고 있다면?
교체 시기를 고려해 봐야 할 때입니다

✅ 
앱 실행이 느려졌다면?

예전에는 바로 열리던 앱이
바로 실행되지 않고 기다려야 열린다면

여러분의 스마트폰 CPU, RAM 등이
최신 앱 요구사항에
대응하지 못하고 있다는 의미입니다

*
CPU (중앙처리장치)
: 스마트폰의 두뇌 역할을 하는 곳
  앱 실행, 전체 동작 속도를 결정

RAM (기억장치)
: 작업을 저장해두는 공간
  여러 앱을 동시에 부드럽게 실행하는 역할 

✅ 
발열이 잘 되는 경우

배터리가 노후되었거나
프로세스 효율이 떨어졌거나
내부 열 관리 성능이 떨어진 증거입니다

기기 내부가
예전만큼 안정적으로 작동하지 않는다는 이야기죠

📲
이런 불편함이 시작되었다면
스마트폰 교체를 고려할 때입니다",0,"04/09/2026 01:30",https://www.instagram.com/p/DW532_xDnhY/,"Instagram 슬라이드",,"전체 기간",492,8232,14,6,0,0,9
18117583897641980,17841450824863436,drr__official,"따르릉통신 | 최초의 휴대폰성지","화질 안 깨지게 사진 공유하는 법!

1️⃣ 
파일로 보내기

사진을 파일 형태로 전송하면
손실 없이 고화질로 공유할 수 있어요

특히 카카오톡 채팅창에서 사진을 보낼 때
왼쪽 하단 + 탭 후
파일 버튼을 눌러 (사진 X, 파일 O) 공유하면
원본 그대로 전달할 수 있어요

2️⃣ 
원본 옵션 켜기

카카오톡에서
‘원본’을 전송하도록 설정해 볼 수도 있어요

☑️ 카카오톡 채팅 방 →  왼쪽 하단 + 탭 → 사진 탭 →  오른쪽 하단 … 탭 →  고화질, 원본 선택
* 에어드롭, 퀵 쉐어 등에서는 원본으로 공유됩니다

3️⃣ 
클라우드 링크 공유

클라우드에 사진을 업로드 후
링크로 전달하는 것도 방법입니다

iCloud / Google Drive / Dropbox
등을 활용해 보세요
원본 유지 및 대용량 사진도 전달 가능합니다

🤳
좋은 사진,
고화질로 공유하고 함께 감상하세요",0,"04/09/2026 01:01",https://www.instagram.com/p/DW50jyjAfIf/,"Instagram 슬라이드",,"전체 기간",1460,3412,7,1,0,0,15
18116436202589568,17841450824863436,drr__official,"따르릉통신 | 최초의 휴대폰성지","알면 편해지는, 50대 분들을 위한 앱 3

📱
똑닥
병원 접수도 미리하고
대기 순번도 확인할 수 있는 앱이에요
병원 갈 일 많지만, 대기시간이 스트레스인
50대 분들에게 추천드립니다

📱
112긴급신고
버튼 한 번으로 신고하고
위치도 자동으로 전송할 수 있어요
전화 어려운 상황에서도
대응 가능하니 설치해두시는 걸 추천해요

📱
후후
스팸 전화 때문에 스트레스 받는다거나
보이스피싱이 걱정된다면 이 앱이 좋아요
스팸 전화를 식별하는 건 물론,
번호 정보도 표시되거든요

😀
이 밖에도
여러분이 잘 쓰고 있는 앱이 있나요?",0,"04/08/2026 01:30",https://www.instagram.com/p/DW3TDyUAf3Z/,"Instagram 슬라이드",,"전체 기간",1694,2401,16,0,2,0,14
17929947246071924,17841450824863436,drr__official,"따르릉통신 | 최초의 휴대폰성지","6월 공개 예정인 iOS 27 
어떤 기능이 추가될까요?

아직 확실하게 공식 공개된 건 없지만
예상 가능한 부분을
따르릉통신에서 짚어봤어요

✅ 
AI 기능 확대

최근 iOS 26에서
온디바이스 AI를 도입했죠 
* On-Device AI: 기기에 탑재된 AI

이를 통해 애플이
‘개인정보 보호 기반 AI 강화’를 
목표로 한다고 볼 수 있습니다

따라서 iOS 27에서도
AI 기능이 확장될 가능성이 높아요

그럼 어떻게 바뀔까요?

📱
iOS 27 업데이트가 되면
AI 기능 확장으로

🔴 텍스트 자동완성 고도화
🔴 음성, 요약 기능 강화
🔴 개인화 추천 정확도 향상

등을 기대해 볼 수 있습니다

이 밖에도,
▶️ 키보드 입력 안정화 개선
▶️ 배터리 효율 개선
▶️ 앱 실행 속도 안정화
▶️ 발열, 버그 개선
▶️ 알림 UI 디자인 변화

등을 예상해 볼 수 있어요

💡
다가오는 6월,
여러분의 아이폰은
업데이트할 준비가 되어 있나요?",0,"04/07/2026 01:30",https://www.instagram.com/p/DW0uQ-rCWKM/,"Instagram 슬라이드",,"전체 기간",295,8711,10,0,0,0,6
18021404741815303,17841450824863436,drr__official,"따르릉통신 | 최초의 휴대폰성지","네이버 신분증 서비스
이제 아이폰에서도 가능해졌습니다

네이버 앱에서
IC 신분증을 통해 발급 받으면
실물 신분증과 동일하게 사용할 수 있어요

✔️
어떤 신분증을 받을 수 있을까?

🪪 주민등록증
🪪 운전면허증
🪪 외국인 등록증
🪪 국가보훈 등록증

✔️
이럴 때, 네이버 신분증이 편리해요

☑️ 주민센터, 공공기관 민원 업무 시
☑️ 선거일 신원 확인
☑️ 은행 대면, 비대면 금융 거래 시
☑️ 술집 등에서 성인 확인 시
☑️ 편의점에서 주류 및 담배 구매 시

단, 아이폰 모바일 신분증은
NFC 기능을 지원하는 iOS에서 가능합니다

🪪
지금 바로
네이버 신분증을 발급받아 보세요",0,"04/06/2026 01:30",https://www.instagram.com/p/DWyJeSGjVpT/,"Instagram 슬라이드",,"전체 기간",859,5829,5,0,2,0,5
18319301086283983,17841450824863436,drr__official,"따르릉통신 | 최초의 휴대폰성지","최근 아이폰 쓰면서 오타가 많이 나
짜증 난 적이 있으신가요?
그렇다면
iOS 26.4 업데이트 꼭 하셔야 합니다

⌨️
최근 아이폰 키보드가 AI 언어 모델로 바뀌면서

✔️자동완성 개입
✔️입력 후 수정되는 현상
✔️입력 인식에 오류

등 문제가 생겨
오타가 잦아졌다고 느껴지실 수 있어요

그런데 이번
iOS 26.4 업데이트에
키보드 정확도 개선 방안이 포함되었습니다

📱
iOS 26.4에서는
✔️ 빠른 입력 시 정확도 개선
✔️ 일부 키보드 오류 수정

업데이트가 포함되었고,
그로 인해 실제로
오타, 자동완성 문제 일부가 완화될 것으로 보입니다

😀
스마트폰 불편,
업데이트만 잘 해줘도 괜찮아집니다",0,"04/06/2026 01:01",https://www.instagram.com/p/DWyGMwYEznI/,"Instagram 슬라이드",,"전체 기간",276,5661,6,3,0,2,6
17943653571172425,17841450824863436,drr__official,"따르릉통신 | 최초의 휴대폰성지","요즘 여론조사 전화
시도 때도 없이 걸려오죠

만약
여론조사 전화 오는 것 자체가 스트레스라면,
따르릉통신이 알려주는 대로 해보세요!

✔️
카카오톡 더보기 ▶️ 카카오페이
페이지 내 ‘전체’ 탭 ▶️‘통신’ 탭 ▶️광고 전화 차단하기

이렇게 해두면
공정거래위원회, 한국 소비자원의
전화권유 판매 수신거부의사 등록시스템을 
대리 신청할 수 있어요

✔️
전화권유 판매 수신거부의사 등록시스템에
등록된 업체를 조회해서
수신거부 및 정보 변경이 가능하답니다

다만,
모든 여론조사가 스팸 전화는 아니며
합법적으로 통신사를 통해
조사 기관에 전달되는 전화일 수 있어요

따라서,
시스템에 등록되어 있지 않다면
수신거부가 되지 않을 수도 있습니다

👀
휴대폰 전화에 대한
더 많은 정보를 알고 싶다면
따르릉통신!",0,"04/05/2026 01:30",https://www.instagram.com/p/DWvkrQqDCzY/,"Instagram 슬라이드",,"전체 기간",737,6063,8,9,0,0,16
18321495433265820,17841450824863436,drr__official,"따르릉통신 | 최초의 휴대폰성지","폰 분실 후 우리가 진짜 잃는 건?

처음엔
기기 생각부터 납니다

비싼 폰 구매 비용
당장의 불편함

그런데 시간이 조금 지나면
다른 게 떠오릅니다

저장하지 못한 번호
사라진 대화
다시 꺼낼 수 없는 사진

그래서 어떤 분들은
이렇게 말하더라고요

“폰은 다시 사면 되는데
그 안에 있던 건
다시 못 구하겠더라고요”

그렇기에 더 중요한 건
기기를 바꾸는 일이 아니라
데이터를 지키고
다시 이어주는 일인지도 모릅니다

단순히 폰을 교체하는 일보다도
사람의 마음을 읽고
고객의 마음까지도 읽어드리는
따르릉통신이 되려 합니다

😀
고객의 마음을 읽겠습니다
따르릉통신",0,"04/04/2026 01:30",https://www.instagram.com/p/DWs_5W3CCGe/,"Instagram 슬라이드",,"전체 기간",310,8252,8,3,0,0,7
18120820858526896,17841450824863436,drr__official,"따르릉통신 | 최초의 휴대폰성지","“젊은 세대들은 무조건 아이폰 아니야?”
이 공식이 깨지고 있습니다

요즘 젠지 세대들은
갤럭시를 더 선호하는 것으로 나타나고 있어요
그 이유는 무엇인지
따르릉통신이 분석해 봤습니다

📱
요즘 세대들에게 스마트폰이란?
‘나를 표현하는 도구’입니다

따라서 단순하게 사용하는 것보다도
디지털 정체성을 표현할 수 있는 (커스터마이징이 자유로운)
갤럭시를 선호하는 성향이 드러나고 있습니다

💸
가격 또한
무시할 수 없는 요인입니다

아이폰 가격이 상승한 이후 (특히 Pro 라인)
소비에 신중해질 수밖에 없는 젊은 세대에게는
다양한 가격대에서
프로급 기능을 경험할 수 있는 갤럭시를 선호할 수밖에요

🤳
SNS 콘텐츠를 제작하는 것까지도
익숙해진 요즘 세대들에게
카메라, AI 기능은 매우 중요하게 됐습니다

특히 갤럭시는
카메라 줌 기능, AI 보정
다양한 영상 기능, 파일 관리 편리성이 강점이죠

😎
이제 스마트폰은
기종보다도 ‘쓰는 방식’이 중요한 시대입니다",0,"04/03/2026 01:30",https://www.instagram.com/p/DWqbFxAgbdR/,"Instagram 슬라이드",,"전체 기간",384,8293,10,13,0,0,10
18580679788007966,17841450824863436,drr__official,"따르릉통신 | 최초의 휴대폰성지","판매점에서 휴대폰을 구매하면
저렴해진다고 하는데, 정말일까요?

정말입니다!

판매점은 
✅ 매장지원금
= 판매점이 고객에게 주는 추가 혜택
을 드릴 수 있기 때문이죠

매장지원금은 통신사에서 주는 
공식적인 지원금(공통지원금)과는 별개로,
판매점이 자체적으로 제공하는 
추가 할인 혜택이에요

그런데 휴대폰 할인 혜택이 판매점마다 다를 수 있어요

그건 바로,
👉 판매점이 자유롭게 추가 지원금을 적용하기 때문

예를 들면
✅ A 매장: 기본 지원금 + 50만 원 매장지원금
✅ B 매장: 기본 지원금만 제공
→ 구매가가 달라지는 것!

✔️ 통신사 지원금 
✔️ 판매점 매장지원금
모두 확인해야만  최종 가격 비교가 정확해져요

휴대폰 구매,
혜택 많이 받으며 사고 싶다면
따르릉통신에서 먼저 상담받아보세요",36,"04/03/2026 01:02",https://www.instagram.com/reel/DWqX3-Mjz0g/,"Instagram 릴스",,"전체 기간",2641,2258,9,0,4,0,4
18142933897736707,17841450824863436,drr__official,"따르릉통신 | 최초의 휴대폰성지","요즘 피싱 사기는
고도의 심리전으로 판단력을 흐리게 하기 때문에
누구에게나 안전하지 못합니다

특히 셀프 감금, AI 피싱 수법을 미리 알아두시면 좋겠습니다

❌ 셀프 감금 수법

“범죄에 연루되어 조사가 필요합니다
임시 보호관찰을 필요하므로
근처 모텔로 가서 대기하세요”

중대 범죄에 연루되었다며
임시 보호관찰을 핑계로
모텔 등 고립된 공간에 고립시킨 뒤
수사 협조를 요청하는 사기 수법입니다 

게다가,

수사 협조를 빌미로
자금을 보호 계좌로 옮기도록 하며,
대출을 유도하여 송금하도록 하는 피싱 사기 수법이에요

하지만
검사, 금융감독원 등 어떤 정부기관에서도
수사 때문에 특정 숙박시설로 유인하지 않습니다!

관련한 전화나 메시지를 받으셨다면
사기라는 점을 인지하셔야 합니다

❌ AI 피싱 수법

“엄마~나 구해줘”

요즘은 목소리에 영상 통화까지
AI로 구현하는 피싱 사기 수법이 등장했습니다

특히 가족의 정보를 들먹이며
사기를 벌이기 때문에
이성적으로 대처하기 어려운 수법이에요

이러한 AI 사기 수법에 대응하기 위해서는
따로 가족 간의 ‘비밀 암호’ 또는
가족만이 아는 질문을 만들어두시는 게 좋아요

또한, 통화를 일단 끊은 후
통화 속 가족에게 먼저 연락을 해보거나
가족을 잘 아는 지인에게 직접 연락하여
사실 여부를 확인하는 것이 중요합니다

🤔
모두가 속기 쉬운 피싱 사기,
미리 알고 예방해야 합니다",0,"04/02/2026 01:30",https://www.instagram.com/p/DWn2TBGAXYK/,"Instagram 슬라이드",,"전체 기간",819,5126,7,1,0,0,3
17862061569672480,17841450824863436,drr__official,"따르릉통신 | 최초의 휴대폰성지","내 아이폰은 언제까지 수리할 수 있지?
feat. 아이폰 5 이제 수리 불가 

애플이 아이폰 5를
단종 제품으로 분류한다고 발표했습니다
수리 자체가 불가한 폰으로 분류된 건데요

그렇다면,
아이폰은 언제까지 수리할 수 있는 걸까요?

🛠️
애플은 판매되지 않는 아이폰이라도
판매 종료 후 5년까지는
수리를 위한 부품을 생산하고 있습니다

그러나
5년이 지나면 구형 제품으로 분류되어
더 이상 부품 생산을 하지 않아요

🛠️
판매 종료 후 7년이 지나
남아있는 부품까지도 소진되면
‘단종 제품’으로 분류합니다

단종 제품으로 분류된 아이폰은
애플스토어나 공인 리셀러를 통한
수리가 불가하게 됩니다

여러분이 가진 아이폰의 최초 판매 시점에서 
5~7년이 휴대폰 수리 마감 기한이라 보시면 되겠습니다

📱
아이폰 바꿀 때가 되셨나요?
휴대폰 상담은 언제든 편하게 
따르릉통신에서",0,"04/02/2026 01:02",https://www.instagram.com/p/DWnzE2Vkxo0/,"Instagram 슬라이드",,"전체 기간",500,3090,5,0,0,0,4
17854013154689910,17841450824863436,drr__official,"따르릉통신 | 최초의 휴대폰성지","아이폰 18프로, 가능성 높은 변화만
따르릉통신이 추려봤습니다

이대로라면 애플이 제대로
칼을 갈았다고도 볼 수 있겠어요

✅ 
다이내믹 아일랜드 축소

전면 카메라를
디스플레이 아래로 숨기는 기술로
Face ID도 화면 아래로 들어가게 되면서

진짜 FULL 스크린처럼 
보일 수 있다는 전망이 나왔어요
화면 위 길쭉한 알약 디자인이 거슬린다는 후기가 많았던 만큼
꽤 기대되는 변화 중 하나입니다

✅ 
망원 카메라 업그레이드 & 센서 크기 확대

더 긴 초점거리에
광학 줌 성능까지 개선해서
아이폰 프로 모델의 차별화를 줄 수 있다는 전망이 나오고 있어요

또한,
센서 크기를 확대해서
야간 촬영을 하더라도 흔들림 없이 선명한 사진을
얻을 수 있도록 업그레이드된다고 해요

✅ 
발열 & 배터리 구조 개선

고성능 칩이 탑재되면
발열 이슈가 지속되는데
최근 Pro 모델 발열 이슈가 누적되면서
애플 측이 발열 및 배터리 구조 개선에 나설 가능성이 높아요

🤔
아이폰 18프로,
여러분은 어떤 변화를 원하시나요?",0,"04/01/2026 02:00",https://www.instagram.com/p/DWlU85DD5wh/,"Instagram 슬라이드",,"전체 기간",313,10335,15,3,0,1,6
18068430935309329,17841450824863436,drr__official,"따르릉통신 | 최초의 휴대폰성지","“4월 13일부터 
일부 구형 스마트폰 카카오톡 사용 불가”

이는 카카오톡의
최소 지원 버전 상향에 따른 결정이라고 하는데요

더 자세히 살펴보자면,

✔️
앞으로 모바일 카카오톡은
v11.0.0 이상 버전으로만 사용이 가능한데
이보다 낮은 버전은 앞으로
접속, 업데이트가 차단될 예정입니다

그런데 모바일 카카오톡 v11.0.0 이상 버전은
안드로이드 9 이상에서만 설치가 가능합니다!

따라서
갤럭시 S7 시리즈와 그 이전 모델은
4월부터 카카오톡을 못 쓰게 될 수 있습니다

왜 이런 불편이 야기됐을까요?
그건 바로 보안 때문입니다

✔️
카카오는 이번 정책이
이용자의 보안과 서비스 안정성을 위한 것이라고 설명했어요

안드로이드 9 미만의 버전을 사용하고 계셨다면,
안정성을 위해서라도
휴대폰 교체를 고민할 시기일 수 있겠습니다

📱
오래된 스마트폰을 쓰고 계시다면?
보안, 안전을 위해서라도
따르릉통신과 함께 교체를 생각해 보세요",0,"04/01/2026 01:30",https://www.instagram.com/p/DWlRhEOiEPR/,"Instagram 슬라이드",,"전체 기간",362,5202,7,2,0,0,8
17857443690629197,17841450824863436,drr__official,"따르릉통신 | 최초의 휴대폰성지","2026년 휴대폰 개통 절차가 바뀝니다

정부가
명의도용 & 불법 개통 방지를 위해
안면인증 절차 도입을 추진 중인데요

기존에는
신분증으로 확인했지만
앞으로는 안면인식 기술을 통해 본인 얼굴까지 확인하게 됩니다

🤔 
왜 갑자기 바뀌는 걸까?

♦️ 타인 명의로 휴대폰 개통
♦️ 유심 도용 또는 대포폰 개통
♦️ 보이스피싱 악용
이런 문제들이 증가했기 때문인데요

그래서 오는 6월 30일까지 시범으로 운영한다고 합니다
하지만 구매자 입장에서는
그리 반갑지만은 않을 수도 있습니다
왜냐하면,

온라인으로 개통한다거나
고령자, 기기 미숙 사용자의 경우에
안면인증 절차로 인하여
불편해질 가능성이 있기 때문이죠

얼굴 인식 실패 및 오류
인증 과정 자체의 어려움이 발생한다면?

그래서 판매점(박스 강조)의 역할이 중요해졌습니다

📱
판매점에서 휴대폰 개통 시
✔️ 직접 얼굴 인식을 하는 데 도움
✔️ 오류 시 즉각 대응
✔️ 추가 확인 절차도 한 번에 해결

복잡한 인증 과정을
보다 쉽게, 안전하게 할 수 있도록 도움을 받을 수 있어요

📱
안면인증 도입으로
조금 더 복잡해질 수도 있는 휴대폰 구매,
따르릉통신이 도와드릴게요",0,"03/31/2026 01:30",https://www.instagram.com/p/DWistGHjDDe/,"Instagram 슬라이드",,"전체 기간",419,8645,14,17,1,1,8
18046978154746065,17841450824863436,drr__official,"따르릉통신 | 최초의 휴대폰성지","갤럭시 S26, 초기 불량 체크하는 법

✅ 
삼성전자 공식 자가 진단법
Samsung Members 앱 ▶️ 지원 ▶️휴대전화 진단
✔️ 센서, 버튼, 스피커 등 체크
✔️ 화면 터치 인식 상태
✔️ S펜 인식 상태
✔️ 디스플레이
등을 확인할 수 있답니다

✅ 
디스플레이 불량 체크법
설정 ▶️디스플레이 ▶️ 밝기 최대로 한 뒤
검은색 사진, 흰색 사진을 띄워 보기
✔️ 검은 화면에서 빛 샘 (백라이트 번짐)
✔️ 흰 화면에서 색 얼룩 (황변, 멍)
✔️ 점처럼 보이는 불량 화소
등을 체크할 수 있어요

✅
전화 ▶️ *#0*# 을 누르면
하드웨어 테스트 화면이 뜹니다

테스트 화면에서
SENSOR 버튼을 누른 후,
오른쪽 상단 부분의 IMAGE TEXT를 누르면
사진이 하나 뜨는데
폰을 돌리면서
화면이 같이 잘 돌아가는지도 확인해 보세요!

✅
이외에도
✔️ 액정 들뜸
✔️ 프레임 찍힘 / 유격
✔️ 버튼 눌림 불량
✔️ S펜이 잘 뽑히고 들어가는지
등은 곧바로 체크하고,
이상이 있다면 바로 교환하셔야 해요

사용 흔적이 생기면 교환하기 어렵거든요

초기 불량은
구매 후 2주 이내에 체크하셔야 교환이 가능할 수 있습니다!",0,"03/30/2026 01:30",https://www.instagram.com/p/DWgH69Jj-x6/,"Instagram 슬라이드",,"전체 기간",2294,4487,20,3,6,0,12
17908326006144704,17841450824863436,drr__official,"따르릉통신 | 최초의 휴대폰성지","유럽여행 가면 갤럭시는 소매치기 안 당한다는 말
들어보신 적 있나요? 😯

유럽에서는 아이폰 중고가가 높고 수요도 많은 편이라
훔쳤을 때 되팔기 쉬운 기종이라는 이야기가 있어요

반면 갤럭시는 되팔 수는 있지만
아이폰만큼 높은 가격을 기대하기 어렵다는 인식이 있고
또 락이 걸리면 풀기 까다로운 점도
소매치기가 피하는 이유라고 하죠

하지만 여행지에서는
무엇보다 사용 습관이 더 중요해요
소매치기는 기종을 가리지 않거든요

여행 전, 폰 잠금 설정이나 원격제어 설정 등은
꼭 해두시는 게 좋아요! 🔐

안전한 해외여행, 스마트폰 지키는 것에서부터!",0,"12/29/2025 01:00",https://www.instagram.com/p/DS13CKJDU0a/,"Instagram 슬라이드",,"전체 기간",790,6659,8,0,0,0,7
17998805333849800,17841450824863436,drr__official,"따르릉통신 | 최초의 휴대폰성지","📍 Dawn AI
“AI가 만들어주는 분위기 있는 나”
사진을 올리거나 텍스트를 입력하면
AI가 흑백 스케치, 컬러화, 고전 예술 작품 
느낌이 드는 이미지를 만들어줘요. 
분위기 있는 이미지를 원하는 사람들에게 인기가 많아요.

📍CapCut AI
“10초 릴스 자동 편집”
AI 템플릿, 오토컷  기능으로 
영상 편집을 알아서 완성해 주는 앱이에요 
요즘 유행하는 ‘아재 목소리’ 릴스도 
바로 CapCut AI에서 만들 수 있답니다

📍Goodnotes AI
“손글씨부터 녹음까지 바로 노트 생성”
학교 수업에서부터 업무 회의 녹음까지
AI가 알아서 노트까지 만들어줘요. 
요약, 하이라이트까지 
알아서 정리해 주기 때문에 유용하답니다

📍Endel AI
“집중력, 이완, 숙면에 도움 되는 오디오”
사용자의 위치, 환경, 심박수 등을 분석해
맞춤형 오디오를 만들어주는 앱이에요
실제로 집중력이 올라가거나 스트레스 감소 효과가 있다고 해요

AI로 스마트한 삶을 살아봐요 💡",0,"12/29/2025 00:30",https://www.instagram.com/p/DS1zj9MjUj3/,"Instagram 슬라이드",,"전체 기간",1410,2531,22,3,5,0,22
17853991509637696,17841450824863436,drr__official,"따르릉통신 | 최초의 휴대폰성지","사진 삭제 했는데도 왜 저장 공간이 없지?

1️⃣ 
캐시 데이터 때문 

사진은 단순히 이미지만이 아니라
썸네일, 캐시 데이터를 생성해요

이 데이터는
갤러리 앱, Google Photos, SNS 앱 등에
남아있을 수 있어요

이때에는 앱 캐시를 삭제하거나
스마트폰 재부팅 등으로 해결할 수 있어요

2️⃣ 
메신저 앱 저장 때문

카카오톡, WhatsApp, Telegram 등
메신저 앱 등에 사진 파일이
갤러리와 별도로 저장돼요

그래서 메신저 앱 설정에서
‘저장 공간 관리’로
공간을 확보해 주는 것이 필요합니다

3️⃣ 
클라우드 동기화 때문

사진이 iCloud / Google Photos 등과 동기화되어 있다면
사진 삭제 시 저장 공간 변화가 작을 수 있어요
원본은 클라우드에 저장되고
기기에는 작은 버전이 저장되기 때문이죠

이때에는 
필요 없는 사진을 모두 삭제하는 것이 좋아요

📱
스마트폰은
잘 비워야 잘 사용할 수 있어요",0,"03/28/2026 01:30",https://www.instagram.com/p/DWa-Vq1iMSX/,"Instagram 슬라이드",,"전체 기간",1122,2784,16,0,0,0,17
18446538274119994,17841450824863436,drr__official,"따르릉통신 | 최초의 휴대폰성지","충전할 때 비행기 모드로 바꿔두면
빠르게 충전된다는 이야기가 있죠
정말로 그럴까요?

📲
스마트폰 충전 속도
= 들어오는 전력 - 사용되는 전력

비행기 모드를 켜면
LTE/5G, Wi-Fi, Bluetooth 같은 통신 모듈이 꺼지기 때문에
전력소비가 줄어들어요

그만큼
비교적 스마트폰 충전 속도가 빨라질 수 있는 거죠

✈️
여러 테스트 결과를 보면
충전 속도가 약 5~15% 정도 개선된다고 알려져 있습니다

예를 들어,
일반 충전으로 약 1시간 9분 걸린다면
비행기 모드로 충전하면 약 1시간 2분 정도로
약 6~7분 정도 단축되는 거죠

하지만,

📲
실질적으로
충전 속도를 결정하는 건

▶️ 충전기 출력(W)
▶️ 고속 충전 지원 여부
▶️ 케이블 성능
▶️ 배터리 상태

비행기 모드는 보조적인 요인으로 보시는 게 맞아요

🤔
충전 속도가 눈에 띄게 늦어진다면
점검부터 받아보세요",0,"03/27/2026 01:30",https://www.instagram.com/p/DWYZhjwjOYR/,"Instagram 슬라이드",,"전체 기간",644,6397,11,4,0,0,9
18154370248454301,17841450824863436,drr__official,"따르릉통신 | 최초의 휴대폰성지","5G인데 LTE보다 느린 이유는?
feat. 요금제 선택이 중요한 이유 

1️⃣ 
신호는 5G인데 실제 데이터는 LTE로 처리
초기 5G 망은 LTE 망을 함께 사용하는 방식으로
제어 신호는 LTE가 담당해요

그래서 상황에 따라서는 데이터 전송이
LTE 중심으로 이뤄질 수 있어요

2️⃣ 
5G는 도달 거리가 짧다
5G는 고주파 대역을 사용하는 경우가 많은데요

그래서 속도는 빠르지만 도달 거리가 짧고
장애물 영향을 크게 받을 수 있어요

따라서, 
건물 내부 혹은 지하에서나
건물 밀집 지역에서는
신호 품질이 떨어질 수 있어요

3️⃣ 
5G는 기지국 밀도가 중요
5G는 기지국 밀도가 높아야
안정적인 속도를 낼 수 있어요

지역에 따라 5G 기지국이 충분하지 않다면
5G-LTE를 계속 오가면서 속도가 떨어질 수 있어요

4️⃣ 
사용자가 많으면 속도는 떨어질 수도
모바일 네트워크는 기본적으로
공유 네트워크이기 때문에
같은 기지국에 접속한 사용자가 많을수록
대역폭이 나눠지게 됩니다

따라서 사람이 몰리는 공간이나 시간에는
5G라도 속도가 떨어질 수 있어요

🤔
무조건 5G보다는
여러분의 생활환경에 맞는
요금제를 찾는 게 중요해요",0,"03/26/2026 01:30",https://www.instagram.com/p/DWV0vs3D-5v/,"Instagram 슬라이드",,"전체 기간",839,6365,10,0,0,0,10
18129422275490077,17841450824863436,drr__official,"따르릉통신 | 최초의 휴대폰성지","아이폰에
눈으로 화면을 응시해서 자동 터치까지 가능한
기능이 있다는 걸 알고 계시나요?

신기한 아이폰 기능 설정법 
따르릉통신이 알려드릴게요!

👀
눈으로 아이폰 조작하는 법 
설정 ▶️ 손쉬운 사용 ▶️ 눈 추적 ▶️ ON

이렇게만 설정해두면
눈의 움직임을 따라 화면 포인터가 움직인답니다
그리고 화면을 계속 바라보면 터치까지 가능하죠

👀
눈 추적 설정에서 
자동 가리기(박스 강조) 기능을 ON 하면
커서 터치 시간, 포인터의 시감도까지 조정할 수 있답니다

잠시 멈춤 제어(박스 강조)를 ON 하면
선택한 잠시 멈춤 동작이 실행되죠
(사용자화는 AssistiveTouch에서)

👏
손이 바쁜 사회인에게
좋은 기능이 될 것 같죠?",0,"03/25/2026 02:00",https://www.instagram.com/p/DWTTXmTCbpM/,"Instagram 슬라이드",,"전체 기간",651,7396,14,5,0,3,25
18313241740261170,17841450824863436,drr__official,"따르릉통신 | 최초의 휴대폰성지","와이파이 5칸인데도 왜 느리지?
와이파이 칸 수는
속도가 아니라 ‘신호 세기’를 의미합니다

그런데
신호가 강해도 인터넷 속도는 느릴 수 있어요
왜일까요?

① 
같은 와이파이를 여러 기기가 쓰고 있을 때

스마트폰 이외에도
TV, 노트북, 태블릿, IoT기기 등
같은 네트워크에 연결된 기기가
많아질수록 속도가 줄어들 수 있어요

② 
주변 와이파이가 많을 때

특히 아파트 안에서는
주변 공유기, 블루투스, 전자레인지 등
주파수 간섭이 발생할 수 있어요 
그래서 신호가 강하더라도
데이터 전송이 느려질 수 있답니다

③ 
공유기 성능 또는 위치 문제

✔️ 공유기가 오래되었거나
✔️ 공유기가 벽 뒤에 있거나
✔️ 철문, 콘크리트 벽이 있거나
✔️ 가전제품 등이 놓여있거나
할 때에는 전파 전달이 방해될 수 있어요

④ 
인터넷 자체 속도가 느린 경우

와이파이는 단지
인터넷을 전달하는 통로일 뿐이에요
그래서
✔️ 인터넷 요금제 속도
✔️ 통신사 회선 상태
에 따라 느려질 수 있답니다

와이파이가 많이 느리다면?
스마트폰부터 인터넷 요금제까지
따르릉통신에 물어보세요 😀",0,"03/25/2026 01:30",https://www.instagram.com/p/DWTP8Nfga0Z/,"Instagram 슬라이드",,"전체 기간",458,9982,13,30,1,0,9
18124387378578463,17841450824863436,drr__official,"따르릉통신 | 최초의 휴대폰성지","새 폰을 받았을 때
이것 먼저 확인하지 않으면 작동이 되지 않을 수도 있어요

✅ 
유심보호서비스 가입 여부 확인 

가장 먼저
통신사를 통해 개인정보 유출 방지를 위해
‘유심보호서비스’
부가 서비스에 가입하였는지 확인해야 합니다!
이걸 해지하고 유심을 옮겨야
네트워크가 잠기지 않습니다!

✅ 
기존 폰에서
통신사 앱을 실행한 뒤
‘유심보호서비스’ 해지를 한 이후에
새 폰에 유심을 넣어 켜주셔야
무사히 개통할 수 있어요!

😎
이외에도 문제가 발생했다면
따르릉통신에 먼저 물어보세요",0,"03/24/2026 02:01",https://www.instagram.com/p/DWQur-sj78t/,"Instagram 슬라이드",,"전체 기간",557,5358,11,3,3,1,18
17879246529519495,17841450824863436,drr__official,"따르릉통신 | 최초의 휴대폰성지","“쿠팡에서 사면 조금 더 저렴하지 않나요?”

휴대폰 검색하면
쿠팡 가격이 먼저 노출되는 경우가 많고,
생각보다 저렴해 보이다 보니
많은 분들이 쿠팡에서도 구매를 하시더라고요

그런데 정말로
쿠팡이 항상 더 저렴한 걸까요?

📱
쿠팡 휴대폰 대부분은 자급제폰입니다

자급제폰은 
✔️ 통신사 약정 없이 기기만 구매
✔️ 원하는 요금제 선택 가능
이란 점이 특징이죠

요금제만 놓고 보면 저렴해 보일 수 있지만,
기기값을 제값 주고 구매해야 하다 보니
오히려 혜택을 못 받고 산다고도 볼 수 있어요

📱
휴대폰 가격은
기기값으로만 책정되지는 않아요

실제 구매에는
✅ 공통지원금
✅ 선택약정 할인
✅ 매장 추가 지원금
같은 요소들이 더 적용될 수 있죠

오히려 판매점에서
더 할인 혜택을 받고 구매할 수 있답니다

😎
휴대폰 사기 전,
따르릉통신에서 먼저 가격 상담 받아보세요",0,"03/24/2026 01:30",https://www.instagram.com/p/DWQrJKNEgkD/,"Instagram 슬라이드",,"전체 기간",1135,1910,7,0,1,0,9
17943127719140622,17841450824863436,drr__official,"따르릉통신 | 최초의 휴대폰성지","요즘 트렌드 ‘와비사비’처럼 폰 쓰기

2026년 트렌드로
‘와비사비’가 꼽히고 있어요

와비사비란?
덜어내고 자연스럽게,
시간의 흔적을 아름답게 보는 미학입니다

이걸 우리가 사용하는 
스마트폰과 연결해 본다면?

와비사비 관점에서 보면
✔ 내게 익숙해지도록 만든 스마트폰 

이것이 바로
시간이 만든 흔적이라고 할 수 있죠

따라서,
디지털 미니멀리즘 & 시간의 흔적을 존중하는 방식으로
휴대폰을 사용하는 것이
2026년 트렌드라고 할 수 있겠습니다

♦️배경화면 위젯은 최소화하고
♦️자주 쓰는 앱만 남기고
♦️알람은 핵심적인 것만 울리도록 해두고
♦️사진은 폴더별로 깔끔하게 정리하고

스마트폰을
나의 일상을 담는 도구로
사용하는 것,

그것이 바로 와비사비입니다

😎
단순하게 아름다운 삶
스마트폰으로 만들어나가요",0,"03/23/2026 02:01",https://www.instagram.com/p/DWOJ-x9DExH/,"Instagram 슬라이드",,"전체 기간",1101,8922,17,17,1,0,14
18099405088989144,17841450824863436,drr__official,"따르릉통신 | 최초의 휴대폰성지","화면을 잡아당기면 길어지는 삼성 폰의 등장?
(표지 사진은 AI로 생성된 임의의 이미지입니다)

최근 삼성 디스플레이가
슬라이더블 디스플레이가 탑재된 스마트폰을 공개했어요

'Mobile Slidable' 

위로 잡아당기면
화면이 확장되는 형태의 스마트폰이랍니다

📱
삼성 슬라이더블 폰은
OLED 패널을 세로 방향으로
늘려 사용하는 구조로
화면이 접히거나 뭉개지는 부분 없이
매끄럽게 확대된다고 합니다

📱
삼성전자는
그동안 꾸준히 새로운 폼팩터 도전을 해온 데다
폴더블폰 또한 성공적이었죠

이미 삼성전자 측이
‘갤럭시 Z 롤’ ‘갤럭시 Z 슬라이드’
상표를 출원한 만큼 슬라이더블 또한
곧 상용화가 될 것으로 보입니다

🤔
화면을 잡아당기면 길어지는
슬라이더블폰,
여러분의 생각은 어떠신가요?",0,"03/23/2026 01:30",https://www.instagram.com/p/DWOGWMGgZ79/,"Instagram 슬라이드",,"전체 기간",2139,4173,21,6,1,1,4
18105954076686912,17841450824863436,drr__official,"따르릉통신 | 최초의 휴대폰성지","가장 기억에 남는 고객 #7 반월당점
“우리 가족 통신도 책임져주셔야죠”

온 가족의 통신 설계를
전부 맡겨주신 고객님이 있었습니다

그때 가정집과 사무실
인터넷 · TV · 휴대폰까지
사용 패턴에 맞게
하나씩 설명드리며
최적의 조건으로 진행해 드렸었는데요

설명을 마치고 돌아가시며
고객님이 이렇게 말씀하셨습니다

“인터넷 약정이 3년이니까
그때도 꼭 계셔야 해요!
우리 가족 통신을 책임져주셔야죠”

그 말이 오래 기억에 남았고
이후로도 지인분들을 소개해 주시기도 했어요
3년이 가까워질수록
저도 그 가족이 종종 떠올랐는데요

그리고 3년 뒤,

고객님이
정말로 다시 찾아와 주셨습니다
그날은 유독 더 반갑고
오래 기억에 남는 순간이었습니다

이 경험을 통해
이 일이 단순한 판매가 아니라
인연을 이어가는 일일지도 모르겠다고
느끼게 됐습니다

👬🧑‍🤝‍🧑
인연을 맺는다는 생각으로
늘 진심을 다하겠습니다
따르릉통신",0,"03/22/2026 01:30",https://www.instagram.com/p/DWLhjm9DWJM/,"Instagram 슬라이드",,"전체 기간",572,1126,8,1,0,0,5
18147256483424764,17841450824863436,drr__official,"따르릉통신 | 최초의 휴대폰성지","하루에 우리는 폰을 몇 번이나 볼까? 

연구에 따르면
사람들은 스마트폰을
하루 평균 약 40~57번 정도
확인한다고 합니다

어떤 사람은 100번 이상도
확인한다고 하죠

흥미로운 건
우리는 그 횟수를
거의 기억하지 못한다는 것

대부분의 사람들은
“한 10번 정도”
라고 생각한다고 합니다

알림 때문에?
심심해서?
볼 게 많아서?

생각해 보면
이유 없이 그냥 습관적으로
휴대폰에 손이 가지는 않나요?

우리는
무언가를 보려는 게 아니라
무언가를 기다리고 있는지도 모릅니다

메시지 하나
좋아요 하나
작은 알림 하나

…

오늘 하루
여러분은 몇 번이나
스마트폰을 들었다 놨나요?

그때마다 우리는
무엇을 기다리고, 찾고 있었을까요?

어쩌면 우리가 폰을 들여다보는 건
작은 연결 하나를
기다리는 일일지도 모릅니다",0,"03/21/2026 01:30",https://www.instagram.com/p/DWI8wItkmCx/,"Instagram 슬라이드",,"전체 기간",690,2319,7,0,1,0,9
18105770056858473,17841450824863436,drr__official,"따르릉통신 | 최초의 휴대폰성지","휴대폰 해킹 의심 신호 3가지

1️⃣ 갑자기 배터리가 빨리 닳는다
평소 사용 패턴은 같은데
배터리가 갑자기 빠르게 소모된다면?

👉
백그라운드에서
악성 앱이나 스파이웨어가
실행되고 있을 가능성이 있어요

2️⃣ 데이터 사용량이 갑자기 늘어난다
평소보다
모바일 데이터 사용량이 급증하면?

👉
휴대폰에서 수집된 정보가 
외부 서버로 전송되고 있을 가능성이 있어요

3️⃣ 내가 설치하지 않은 앱 또는 이상한 팝업이 생긴다
✔️ 처음 보는 앱이 설치돼 있거나
✔️ 광고 팝업이 계속 뜨거나
✔️ 앱이 혼자 실행되는 경우

👉
악성 앱 또는 애드웨어 감염 가능성이 있습니다

👀
휴대폰 해킹, 수시로 체크해야 안전합니다",0,"03/20/2026 01:30",https://www.instagram.com/p/DWGX95TDu5X/,"Instagram 슬라이드",,"전체 기간",290,9966,10,3,1,0,11
18114438427659216,17841450824863436,drr__official,"따르릉통신 | 최초의 휴대폰성지","LG 유심 무료 교체 이유?
.
.
.
#따르릉통신 #휴대폰성지 #LG #유심무상교체 #휴대폰꿀팁",52,"03/19/2026 03:10",https://www.instagram.com/reel/DWD-g4NgVDX/,"Instagram 릴스",,"전체 기간",466,342,11,4,0,0,3
17903575425390867,17841450824863436,drr__official,"따르릉통신 | 최초의 휴대폰성지","요즘 부모들이
꼭 켜두는 폰 설정

✔️ 아이 위치 확인
✔️ 긴급 SOS 설정
✔️ 부모 승인 후 앱 설치
✔️ 유해 콘텐츠 차단

이 4가지는
우리 아이를 위해
꼭 설정해두시면 좋습니다
어떻게 설정하는지 알려드릴게요

📍 아이 위치 확인 

아이폰
1️⃣ 설정 > 가족 > 위치 공유
2️⃣ 가족 구성원 위치 공유 ON
3️⃣ 사용자 위치 공유를 켤 땐
설정 > 개인정보 보호 및 보안 ‘위치 서비스 ON

갤럭시
1️⃣ Play 스토어 > Google Family Link 설치
2️⃣ 부모 폰 / 자녀 폰 모두 설치
3️⃣ 부모, 자녀 계정 연결
4️⃣ 위치 보기에서 확인

🚨 긴급 SOS

아이폰
1️⃣ 설정 > 긴급 구조 요청(SOS)
2️⃣ ‘전화걸기’ 탭 ON
3️⃣ 긴급 연락처 추가

갤럭시
1️⃣ 설정 > 안전 및 긴급
2️⃣ 긴급 연락처로 SOS 보내기 ON
3️⃣ 보호자 연락처 추가

📲 부모 승인 후 앱 설치

아이폰
1️⃣ 설정 > 가족
2️⃣ 자녀 계정 선택
3️⃣ 구입 요청(Ask to Buy) ON

갤럭시
1️⃣ Family Link 앱 실행
2️⃣ 자녀 선택
3️⃣ Google Play 관리
4️⃣ 구매 승인 필요 ON

🚫 유해 콘텐츠 차단

아이폰
1️⃣ 설정 → 스크린타임
2️⃣ 콘텐츠 및 개인정보 보호 제한 ON
3️⃣ 웹 콘텐츠 → 성인 사이트 제한

갤럭시
1️⃣ Family Link 실행
2️⃣ 자녀 선택
3️⃣ 콘텐츠 제한 관리
4️⃣ 유해 사이트 차단 설정

🔐
아이의 안전은 스마트폰 설정에서부터",0,"03/19/2026 01:30",https://www.instagram.com/p/DWDzLA7mfmm/,"Instagram 슬라이드",,"전체 기간",676,2279,11,0,3,0,18
18455847661100148,17841450824863436,drr__official,"따르릉통신 | 최초의 휴대폰성지","📢 따르릉 철산역점
드디어 오픈했습니다!

고객 여러분께 더 가까이,
최신 휴대폰과 최고의 서비스로
항상 최선을 다하겠습니다.

많은 관심과 방문 부탁드립니다.

📍 위치: 경기도 광명시시청로 50 A동 1층 112호 
📞 문의: 0507-1329-8622

✅네이버에서 ‘따르릉통신’을 검색하시면
공식 홈페이지에서 가까운 매장을 쉽게 찾아보실 수 있습니다.",43,"03/18/2026 02:13",https://www.instagram.com/reel/DWBTBSuAfgt/,"Instagram 릴스",,"전체 기간",6234,4569,25,3,2,0,5
18109008880836065,17841450824863436,drr__official,"따르릉통신 | 최초의 휴대폰성지","[VLOG] 따르릉통신 점장은 무슨 일을 할까? 
따르릉통신 점장의 10 to 8을 보여드려요. 
보시고 휴대폰 판매점 업무나 휴대폰에 대해 궁금하신 점이 있다면 언제든 물어보세요! 😎",69,"03/18/2026 01:31",https://www.instagram.com/reel/DWBOfFHlEhS/,"Instagram 릴스",,"전체 기간",4908,3461,19,4,3,0,4
18187282117367589,17841450824863436,drr__official,"따르릉통신 | 최초의 휴대폰성지","진짜와 똑같은 가짜 앱 걸러내는 법

요즘 가짜 피싱 앱도 공식 앱과 똑같이 생겨서
구분하기 어려워 사기에 당하는 경우가
더 크게 늘고 있어요

젊어도, 휴대폰을 많이 알아도
속기 쉬운 가짜 앱 피싱
이것만 설치하면 안심입니다!

✔️
최신 버전 네이버페이 앱 설치 
▶️ 상단 선 3개 탭 ▶️ 백신 안전

이것만 실행해 주면
악성 항목들을 탐지하고 삭제해 줘요

👀
게다가 악성 링크를 눌렀거나
모르는 앱이 설치되어 있을 때
경찰청이 제공하는 피싱 데이터를 기준으로
차단해 주기 때문에 안심이랍니다

💡
저장해두시고,
소중한 사람들에게도 꼭 알려주세요!",0,"03/18/2026 01:30",https://www.instagram.com/p/DWBOXi8DZkt/,"Instagram 슬라이드",,"전체 기간",1091,4460,14,0,2,0,18
18121940206609335,17841450824863436,drr__official,"따르릉통신 | 최초의 휴대폰성지","따르릉통신이 가장 많이 받는 질문

✅ “따르릉통신은 왜 이렇게 싸요?”
박리다매 특판형 매장이기 때문입니다
건당 마진을 최소화하고,
많이 판매해서 이윤을 남기는 방식이라
많이 팔면 팔수록 점점 더 저렴해져요
여러분이 많이 찾아오실수록
점점 더 저렴해질 수 있습니다!

✅ “이동하면 위약금이 나오나요?”
네, 약정이 남아있으면 위약금이 발생할 수 있어요
하지만 지원금으로 위약금을 지원해 드릴 수 있고요,
인터넷 + TV 약정이 끝났을 경우|
같이 한 번에 이동하시면 지원금도 많이!
휴대폰 기기값도 저렴하게!
구입하실 수 있답니다

따르릉통신에 방문하셔서 위약금 조회해 보시고,
최대 혜택 상담도 받아보세요!

✅ “선택약정 vs 기기값 지원 뭐가 더 좋아요?”
선택약정으로 24개월 요금에서
25% 할인받는 게 유리하려면
월 요금 10만 원 이상이어야 합니다

그런 경우가 아니라면
기기값 지원이 더 나은 편이에요

다만,
평균적으로 공통지원금은 
50만 원 정도이고요
공통지원금이 45만 원 이상이 나오지 않는다면
선택약정으로 하는 게 더 좋아요

모델에 따라, 요금제에 따라
유/불리가 다른 만큼 따르릉통신에
방문하셔서 상담 받으시는 것이 좋습니다!

💡
여러분이 가장 많은 혜택을 
받으실 수 있도록
따르릉통신은 늘 연구합니다",0,"03/17/2026 02:00",https://www.instagram.com/p/DV-tFS8CDnM/,"Instagram 슬라이드",,"전체 기간",1843,2350,8,0,4,0,4
17854891149631782,17841450824863436,drr__official,"따르릉통신 | 최초의 휴대폰성지","휴대폰 전문가 직원이 추천하는 앱

① 삼성 굿락
갤럭시에서만 사용 가능한 폰꾸 앱
갤럭시 기기 UI를 세밀하게,
개인 취향에 맞도록
커스터마이징 할 수 있는 공식 앱이라 많이 쓰고 있어요

② 피싱아이즈
보이스피싱으로 악성 프로그램이 설치되거나
의심 징후가 탐지될 때 알림 서비스가 제공되는 앱이에요
제휴 금융사와도 연동되어 더 큰 피해를 막을 수도 있어요

③ 영웅문S#
해외, 국내 주식을 한 눈에 보고 이용할 수 있어요
자산관리에 관심 있는 분들이라면
적극 추천드리는 앱이랍니다

④ 익시오
아이폰 유저분들에게 추천하는 앱이에요
아이폰의 통화 녹음 기능의 경우
안내고지가 상대방에게 가고, 사용하기도 번거로운데
이 앱을 사용하면 고지 없이 자동으로 이용할 수 있어요

📱
여러분이 잘 사용하고 있는
앱은 무엇인가요?
저희에게도 알려주세요!",0,"03/17/2026 01:30",https://www.instagram.com/p/DV-pkksDclb/,"Instagram 슬라이드",,"전체 기간",852,4532,13,1,0,0,18
18223407436310800,17841450824863436,drr__official,"따르릉통신 | 최초의 휴대폰성지","에어드롭
갤럭시 S26에서도?

이전 카드뉴스에서
퀵 쉐어(Quick Share) 기능으로
아이폰 ↔️ 안드로이드 파일 전송이 가능해졌다고
알려드렸었는데요
이 변화가
갤럭시 S26에도 가능할지 주목되고 있습니다

현재 퀵 쉐어 기능은
안드로이드 Pixel 10 시리즈에 먼저 적용된 상태인데요
구글은 이 기능을 더 많은 안드로이드 기기로
확대할 것이라고 밝혔습니다

즉,
갤럭시에서도
아이폰과의 파일 공유가
더 쉬워질 거라는 거죠!

📱
아이폰 ↔️ 갤럭시
파일 공유가 더 쉬워진다면
사진, 영상, 문서까지 기기 구분 없이 바로 전송하는
시대가 올 수 있겠죠?

👀
더 무궁무진해지는 스마트폰 활용,
따르릉통신도 기대됩니다",0,"03/16/2026 02:00",https://www.instagram.com/p/DV8IPm-j-5k/,"Instagram 슬라이드",,"전체 기간",986,6845,16,3,0,1,4
17978620199825564,17841450824863436,drr__official,"따르릉통신 | 최초의 휴대폰성지","아이폰 17e 핵심 포인트 정리

📱
아이폰 17e는
소프트 핑크를 포함해
화이트, 블랙으로 출시됩니다

17 라인업의 보급형이지만
17의 기능 대부분을 만나게 해준다고 하는데요

그 기능의 핵심만 뽑아서 알려드릴게요!

✔️ Ceramic Shield 2 (긁힘 방지 성능)
✔️ 최신 세대 A19 칩
✔️ 48MP Fusion 카메라
✔️ 빠른 맥세이프 무선 충전
✔️ USB-C 지원
✔️ 256GB 기본 저장 용량

특히
저장용량이 늘어나면서
가격이 동결되었기 때문에
사실상 가격 인하가 되었다고 볼 수 있죠

✅
아이폰 17e 가격은
▶️ 256GB 99만 원부터
▶️ 512GB 129만 원부터
구매할 수 있습니다

그렇다면 아이폰 구매할 때
가장 혜택을 많이 받을 수 있는 방법은?

✅
따르릉통신이 알려드리는
휴대폰 구매 시 체크리스트

✔️ 실질적인 기기값(할부원금) 확인
✔️ 공통지원금 vs 선택약정 비교
✔️ 불필요한 조건 유무 파악 
 (반납 조건, 장기 할부 등)
이 3가지는 꼭 기억하세요!

👀
아이폰 17e, 혜택 많이 받고 사려면? 
따르릉통신!",0,"03/16/2026 01:30",https://www.instagram.com/p/DV8Ex2mjd5k/,"Instagram 슬라이드",,"전체 기간",448,7873,10,5,1,0,6
17919139926296877,17841450824863436,drr__official,"따르릉통신 | 최초의 휴대폰성지","가장 기억에 남는 고객 #6 반월당점
“지금 구매 안 하셔도 됩니다”

기존 고객 중 한 분이
휴대폰이 고장 난 것 같다며
정책이 좋지 않았던 일요일에
급하게 기기 변경을 하러
방문하신 적이 있습니다

상담을 진행하며 상태를 살펴본 결과,
기기 자체의 고장은 아닌 것으로 보였고
유심 문제일 가능성이 높다고 판단했습니다

이에 직접 매장 휴대폰으로
해당 통신사 고객센터에 전화해
주말·공휴일에도 연결 가능한 부서의
직원과 통화하며 문제 해결에 도움을 드렸고,
그 결과 휴대폰을 정상적으로
사용하실 수 있게 되었습니다.

하지만,
고객님께서는
이미 개통 서류를 거의 다 작성하신 상태였고
원래 원하시던 기종이나 가격이 아님에도 불구하고
억지로라도 구매하려고 하셨어요

저희는 문제가 해결되었기 때문에
지금은 굳이 구매하지 않으셔도 되며,
정책이나 가격이 좋을 때
다시 방문해 주셔도 된다고 먼저 말씀드렸습니다

이후 고객님께서는
“그냥 고장이라고 판단하고
판매를 진행할 수도 있었을 텐데
끝까지 도와줘서 고맙다”라며
사람 대 사람으로 도움을 받은
느낌이 들었다고 말씀해 주셨습니다

또한 주변 지인분들께
“여기는 믿을 수 있는 매장”이라고
소개해 주시기도 했습니다
그 인연으로 지인분들의 방문이 이어졌고,
해당 고객님 또한 단골 고객이 되셨습니다

💡
고객님의 편리를 먼저 생각하는 것이
결국 가장 좋은 판매 방법이라는 걸 깨닫게 되었답니다",0,"03/15/2026 01:30",https://www.instagram.com/p/DV5gBKPAtna/,"Instagram 슬라이드",,"전체 기간",1049,3549,8,0,0,0,6
17993374091765762,17841450824863436,drr__official,"따르릉통신 | 최초의 휴대폰성지","아이폰 사진 촬영 금손되는 TIP

사진 예쁘게 찍을 수 있다고 해서
아이폰을 구매했다고 하더라도
어떻게 쓰는지에 따라서
사진 퀄리티가 달라진다는 점!

아이폰 촬영, 금손되는 설정 TIP을
꼭 참고해서 찍어보세요

✅ 확대보다는 편집

디지털 줌으로 사진을 찍는 만큼
일정 수준 이상으로 확대하면
이미지가 깨지거나 흐려질 수 있어요
먼 곳의 사물이나 인물을 찍으려면
원본 해상도로 찍은 뒤
사진 앱에서 편집, 자르기, 확대 등으로
편집하는 것이 더 나아요

✅ 아이폰 줌 ‘정수 배율’로

2x, 3x, 4x…
이렇게 정수 배율로 확대해야
선명하게 찍혀요
애매하게 1.7, 2.2, 3.2…
소수점이 찍히는 배율은
디테일이 뭉개져 화질이 안 좋아 보여요

💡
아이폰 사진 촬영
금손 되는 법 쉽죠?",0,"03/14/2026 02:02",https://www.instagram.com/p/DV2-6VMEop1/,"Instagram 슬라이드",,"전체 기간",504,6252,14,7,3,0,27
18001020770730284,17841450824863436,drr__official,"따르릉통신 | 최초의 휴대폰성지","아이폰 카메라
이 작은 점은 무엇?

⚫
카메라 옆에
센서처럼 붙어있는 작은 점
이게 뭘까요?

이건 바로
LiDAR(라이다) 스캐너입니다

✅
LiDAR(라이다) 스캐너

사물의 거리, 깊이 정보를
직접 측정해서
인물모드, 저조도 초점, AR(증강현실) 경험을
개선하는데 쓰입니다

더 쉽게 말하자면,

LiDAR(라이다) 스캐너는
✔️ 인물모드
✔️ 야간 촬영
✔️ AR (3D 스캔 기반 공간 인식)
에 활용되고 있어요

아이폰 Pro 시리즈에만
사용되는 기능이죠

💡
스마트폰 카메라,
잘만 쓰면 전문가 못지않아요

사진 출처: 애플 홈페이지",0,"03/14/2026 01:30",https://www.instagram.com/p/DV27NFGCPrY/,"Instagram 슬라이드",,"전체 기간",331,11936,13,24,0,0,5
18158985073436411,17841450824863436,drr__official,"따르릉통신 | 최초의 휴대폰성지","구글 실시간 도청 걱정?
일단 이렇게 설정해보세요!

“아까 내가 말한 게 광고로 뜨다니?”

최근 구글이 AI 음성비서 구글 어시스턴트를 통해
사용자 대화를 녹음하고 맞춤형 광고에 활용했다는 취지로 걸린
집단소송에서 약 975억 원을 지급하기로 합의했다는 사실이 알려졌는데요

그만큼 실시간 도청에 대해 걱정을 하는 분들이 많아
설정으로 예방하는 법을 알려드려요

1️⃣ 
‘맞춤 설정 공유’ 데이터 끄기 
연락처, 앱 사용 기록 등이 
광고 타겟으로 쓰이지 않도록 해줘요

📍
설정 > Google > 모든 서비스> 공유 데이터를 사용하여 맞춤 설정 > 목록에 있는 앱 모두 OFF

2️⃣ 
광고 ID 삭제로 추적 OFF 
내 기기에 부여된 고유 광고 식별자를 
삭제해서, 추적을 최대한 낮춰요

📍
설정> Google > 모든 서비스 > 광고 > 광고 ID 삭제

👀
내 귀중한 정보,
작은 노력으로 안전하게 보호하세요",0,"03/13/2026 02:01",https://www.instagram.com/p/DV0Z_W_jDea/,"Instagram 슬라이드",,"전체 기간",678,5738,15,2,1,0,32
18067124525302764,17841450824863436,drr__official,"따르릉통신 | 최초의 휴대폰성지","아이폰 iOS26
업데이트 꿀팁 기능

✅ 
비주얼 인텔리전스
내 앞에 있는 옷, 음식점, 식물 등을
검색하거나 물어볼 수 있어요
카메라 컨트롤이 있는 아이폰 모델은
컨트롤 버튼을 길게 누르기만 하면 된답니다

- 카메라 컨트롤이 있는 모델 
 아이폰 16, 16 Plus, 16 Pro, 16 Pro Max, 17, 17 Pro, 17 Pro Max, Air

아이폰 16e, 15pro, 15pro Max 등은
비주얼 인텔리전스 항목을
동작 버튼, 잠금 화면, 제어 센터에
위젯으로 추가해서 사용할 수 있어요

✅ 
듀얼 캡처 비디오 녹화하기
내 모습과 내 앞에 있는 장면을 동시에 녹화할 수 있어요

[설정 방법]
1. [카메라]-[비디오] 선택
2. 6개 점을 탭한 뒤 듀얼 캡처 탭
3. 화면을 탭하여 녹화 버튼을 표시한 다음,
녹화 버튼을 탭하여 녹화 시작

* 아이폰 17, 17 Pro, 17 Pro Max, Air 에서만 가능 

✅ 
모르는 번호, 통화 용건 묻기
모르는 번호로 전화가 걸려왔을 때
통화 용건을 물어 상대가 누군지를 확인,
중요한 전화를 놓치지 않을 수 있어요

[설정 방법]
설정 ▶️ 앱 ▶️ 전화 ▶️ 알 수 없는 발신자 스크리닝 ▶️ 통화 용건 묻기 ON

💡
아이폰 업데이트 기능
놓치지 말고 사용해보세요

사진 출처: 애플 홈페이지",0,"03/13/2026 01:30",https://www.instagram.com/p/DV0WceAkmlx/,"Instagram 슬라이드",,"전체 기간",340,8232,13,0,2,0,17
18240911302314496,17841450824863436,drr__official,"따르릉통신 | 최초의 휴대폰성지","스마트폰,
언제 바꾸는 게 좋을까?

단순 약정 기간?
최신 모델 출시?
NO!
실사용성, 보안/성능 여부 기준!

✔️ 
약 2년 7개월 주기로
휴대폰 교체
(한국 사용자 기준)
실제 수명 기간은?
2~5년!

✔️
배터리 수명도 CHECK!
리튬-이온 배터리
👉 2~3년 정도 최적 성능 유지

배터리 성능이 떨어지면?
하루 충전 회수 UP
체감 성능 DOWN

✔️
OS 업데이트 종료
👉 보안 및 주요 앱 호환성 문제 발생
👉 휴대폰 교체 고려

스마트폰 교체 시기는 몇 년이 기준이 아니라
‘불편함’이 체감될 때랍니다!",34,"03/12/2026 01:30",https://www.instagram.com/reel/DVxxom_jGqO/,"Instagram 릴스",,"전체 기간",2486,2011,21,0,2,0,13
17935403037027558,17841450824863436,drr__official,"따르릉통신 | 최초의 휴대폰성지","작심삼일 X 자기 계발 앱 추천 3

① 북적북적 

책을 읽고 기록하면 나만의 책 탑이 만들어져요
월별 독서량을 한눈에 볼 수 있고,
한줄평, 메모까지 기록 가능하답니다

② Structured 

데일리 플래너 앱으로
To-Do 리스트, 습관 추적기를
하나의 타임라인으로 관리할 수 있어요

③ 플랜핏 

‘무슨 운동을 해야 할까?’
고민하는 분들을 위한 운동 앱이에요
운동 루틴, 플랜을 추천해 주고
음성 코칭에 분석까지 해준답니다

👀
자기 계발,
스마트폰으로 멈춤 없이 해봐요

사진 출처: 각 앱 다운로드 홈페이지",0,"03/11/2026 01:30",https://www.instagram.com/p/DVvM2yeEuj2/,"Instagram 슬라이드",,"전체 기간",1683,3329,21,2,7,0,28
18033655277592485,17841450824863436,drr__official,"따르릉통신 | 최초의 휴대폰성지","갤럭시, 보조배터리로도 사용 가능?!

갤럭시로 친구 스마트폰(아이폰, 갤럭시 모두)이나
갤럭시 버즈, 워치까지
무선 충전할 수 있다는 사실을 알고 계시나요?
바로 알려드릴게요!

✅ 갤럭시, 무선 배터리 공유 하는 법 

1️⃣ 휴대폰에서 [설정] 앱 누르기
2️⃣ [디바이스 케어] 메뉴로 들어가기
3️⃣ [배터리] 항목 누르기
4️⃣ [무선 배터리 공유]-[사용함] ON

✅ 무선 배터리 지원되는 갤럭시 기기는?
S 시리즈
▶️ S10, S20, S21, S22, S23, S24, S25 (전 모델)

노트 시리즈
▶️ 노트 10, 노트 20 시리즈

폴더블 시리즈
▶️ 모든 Z 플립, Z 폴드 시리즈

보급형 A 시리즈, 퀀텀 지원 ❌

💡
여러분이 알고 있는
갤럭시 꿀팁도 공유해 주세요",0,"03/10/2026 01:30",https://www.instagram.com/p/DVsoAs-AVb6/,"Instagram 슬라이드",,"전체 기간",1209,3538,16,2,0,0,18
17956504548072716,17841450824863436,drr__official,"따르릉통신 | 최초의 휴대폰성지","갤럭시 S26 NEW 핵심 포인트

✅ 갤럭시 S26 기본 COLOR
👉 코발트 바이올렛, 스카이 블루, 블랙, 화이트

삼성닷컴 전용 COLOR
👉 실버 쉐도우, 핑크 골드

✅ 갤럭시 역대 최고 카메라 탑재

특히, 갤럭시 S26 울트라 모델은
2억 화소 광각과 5천만 화소,
광학 줌 수준의 10배 줌 망원 카메라
전작비 더욱 넓어진 조리개 탑재로
전문가 수준의 사진 촬영이 가능해졌답니다

✅ 직관적인 갤럭시 AI 경험 제공
‘NOW Nudge(나우 넛지)’

예를 들어,
“최근 같이 간 여행 사진 공유해줘”
라는 메시지를 받았을 때
갤럭시 AI가 갤러리로 바로 이동할 수 있도록 해주죠

✅ 프라이버시 디스플레이로 사생활 보호 UP
(갤럭시 S26 울트라)

따로 필름을 붙이지 않아도
옆에서 내 스마트폰 화면을 보지 못하게 할 수 있어요
또는 화면에 알림창 팝업만 가리는 기능도 활성화할 수 있죠

📱
새로운 갤럭시 S26 시리즈,
혜택 많이 받고 사려면? 
따르릉통신!

사진 출처: 삼성전자 홈페이지",0,"03/09/2026 01:30",https://www.instagram.com/p/DVqDNvjFee3/,"Instagram 슬라이드",,"전체 기간",632,1178,9,0,1,0,3
18175139830387065,17841450824863436,drr__official,"따르릉통신 | 최초의 휴대폰성지","가장 기억에 남는 고객 #5 명곡점
“다른 매장에서 상담받았는데 견적이…”

“다른 매장에서 견적을 받았는데…
좀 더 저렴하게 맞춰주실 수 있나요?”
고객분이 다른 매장에서 받은 견적서를
들고 오셔서 기기값을 더 저렴하게
맞춰 달라고 요청해 오셨어요
살펴봤더니…

견적서에는
불필요한 추가 상품과
여러 부가서비스가 포함되어 있어
실제로는 유지 비용이 더 많이
발생하는 구조였어요

저희는
정말 필요한 항목들만 포함했을 경우의
실제 비용을 안내해 드렸고,
더 저렴하게 구매하실 수 있다는 점을
설명드렸습니다

고객님께서는
눈속임을 당할 뻔한 상황을
바로잡아 주어 고맙다며
신뢰가 간다고 말씀해 주셨어요

결국 그 고객님은
저희 매장에서 구매를 진행해 주셨답니다

💡
정직한 서비스는
결국 신뢰를 얻게 되어있더라고요",0,"03/08/2026 00:30",https://www.instagram.com/p/DVnebwNDVFH/,"Instagram 슬라이드",,"전체 기간",1110,1659,6,0,0,0,3
18175205419385822,17841450824863436,drr__official,"따르릉통신 | 최초의 휴대폰성지","“분명 가족 이름이 떠서 전화를 받았는데…”

⚠️
요즘 보이스피싱은
‘가족 번호’까지도 위장할 수 있어요!

✅
스마트폰 번호 뒷자리만 같아도
저장된 이름으로 표시될 수 있어요
국제전화여도 ‘가족 이름’이 뜰 수 있죠
그렇다면 어떻게 이걸 막을 수 있을까요?

💡
보이스피싱 막는 방법

📱 갤럭시
전화 앱 ➡️ 점 3개 터치 ➡️ 설정 ➡️ 기타 통화 설정 ➡️ 국제전화 ➡️ 수신차단 활성화 ➡️ 수신차단/해제 ➡️ ‘입력한 번호로 시작할 때’ 선택 ➡️ 통신 3사 국제 전화번호 추가

📱 아이폰
설정 X
▶️ 통신사 고객센터에 전화 > 국제 전화 무료 차단 서비스 신청

👀
보이스피싱 수법
미리 알아야 당하지 않습니다",0,"03/07/2026 00:30",https://www.instagram.com/p/DVk5opjiKVL/,"Instagram 슬라이드",,"전체 기간",230,360,6,1,0,0,6
18514304512073474,17841450824863436,drr__official,"따르릉통신 | 최초의 휴대폰성지","출국 전, 휴대폰 설정 해외여행 꿀팁
feat. 아이폰 

✅
데이터 없이 번역하기
📍
번역 앱 ➡️ 우측 상단 버튼 ➡️ 언어 ➡️ 다운로드
이렇게 설정해두면
데이터를 연결하지 않아도 번역 기능을 쓸 수 있어요

✅
기본 계산기 앱으로 환율 계산하기
📍
계산기 앱 ➡️ 우측 하단 계산기 아이콘 ➡️ 변환
환율을 계산해 주는 앱을 따로 설치하지 않고,
기본 계산기 앱으로도 바로 환율 계산이 가능해요

✅
도난 상황 대비하기
📍
설정 ➡️ Face ID 및 암호 ➡️ 도난당한 기기 보호 ON

도난에 대비해서 미리 설정해두시면
카드 정보, Apple ID 등을 지킬 수 있어요

🛄
해외여행 떠나실 예정이라면
바로 설정을 바꿔보세요",0,"03/06/2026 00:30",https://www.instagram.com/p/DViU1NNmboF/,"Instagram 슬라이드",,"전체 기간",1089,3488,16,4,6,0,44
18093559019020980,17841450824863436,drr__official,"따르릉통신 | 최초의 휴대폰성지","카카오톡 NEW 기능 왜 생겼을까?

💡
답장 대신 ‘댓글’ 기능 
▶️ 대화 흐름 이어가기
메시지에 댓글을 달고,
댓글을 한 번에 확인할 수 있게 됐어요
대화 흐름을 놓치지 않을 수 있죠

💡
AI로 대화 편집&요약 
▶️ 대화를 빠르게 이해하기
바쁘다 보면 대화 맥락을 놓치기 쉬울 수 있죠
이때 알림이 쌓이고 대화가 길어졌다면
AI로 요약해서 빠르게 파악할 수 있어요

✔️
카카오톡의 이번 업데이트는
카카오톡이 ‘단순 채팅 앱’이 아니라
플랫폼으로의 확장이라고
볼 수 있겠습니다

기능을 잘 쓴다면
일상, 업무를 잘 정리할 수 있게 될 거예요

👀
카카오톡, 여러분은 어떻게 쓰고 계시나요?",0,"03/05/2026 01:01",https://www.instagram.com/p/DVfzoLbjz0A/,"Instagram 슬라이드",,"전체 기간",1382,8655,6,1,1,0,11
17846086344678158,17841450824863436,drr__official,"따르릉통신 | 최초의 휴대폰성지","현대인들의 고질병 ‘불면’
그렇다 보니
숙면을 위한 앱이나 유튜브 영상도
많이 나오고 있는데요

그런데
아이폰에 숙면을 위한 기능이
있다는 사실을 아시나요?

✅
아이폰 제어 화면에서
스크린을 꾹 누르면
맨 아래 ‘제어 항목 추가’가 뜹니다
이걸 터치한 후,
‘앰비언트 음악-숙면’ 기능을
추가하면 돼요

💡
여러분이 잘 쓰고 있는
아이폰 기능도 공유해 주세요!",0,"03/05/2026 00:30",https://www.instagram.com/p/DVfwCQgie1Z/,"Instagram 슬라이드",,"전체 기간",682,7387,19,10,2,0,16
18091839026017296,17841450824863436,drr__official,"따르릉통신 | 최초의 휴대폰성지","40대의 스마트폰 잘 쓰는 법

💡 
자잘한 스트레스는 줄이기
🟡 금융 🟡 건강 🟡 업무
등 중요하게 생각하는 부분의
폴더를 만들어 앱을 정리해 두세요
앱 찾는 시간을 줄이면
자잘한 스트레스도 줄어들어요

💡
주기적으로 점검하고
예상 밖의 상황을 예방하기
✔️ 사용하지 않는 앱은 삭제
✔️ 중복된 사진은 정리
✔️ 배터리 성능 상태 점검
✔️ 만일에 대비해 백업해놓기
스마트폰이 제대로 기능할 수 있도록
때때로 상태를 점검하는 것이 필요해요

💡
건강을 위해
스마트폰 피로도 줄이기
눈 피로를 줄이기 위한
글자 크기, 화면 모드 설정을 해두세요
스마트폰 생활이 당연해진 만큼
건강하게 사용하는 것이 중요해요

♦️
40대라면 스마트폰 사용도 현명하게!",0,"03/04/2026 00:30",https://www.instagram.com/p/DVdLQtwikXZ/,"Instagram 슬라이드",,"전체 기간",1119,1801,8,0,2,0,20
18136106221450117,17841450824863436,drr__official,"따르릉통신 | 최초의 휴대폰성지","‘휴대폰 성지’ 찾는 법, 이것만 체크하세요 

✔️ 시세표가 없으면 가짜 휴대폰 성지!
시세표가 없는 곳은 거르세요
가격도 알려주지 않고
휴대폰 구매를 유도하는 곳은
성지가 아닙니다

✔️ 위약금 대신 내준다?
▶️ 많이 남겨먹고 팔겠다
위약금을 부담할 만큼 많이 남기면서
판매중일 확률이 높아요

✔️ 할부원금으로만 상담하는 곳을 찾으세요!
월 요금이 저렴해진다는 말에 현혹되지 마시고
‘할부원금(기기값)’만으로
판단하는 것이 중요합니다

💡
휴대폰 성지 찾는 법, 그래도 어렵다면?
따르릉통신에서!",0,"03/03/2026 00:30",https://www.instagram.com/p/DVamcjBj6Lg/,"Instagram 슬라이드",,"전체 기간",934,1711,6,0,3,0,8
17877580644500510,17841450824863436,drr__official,"따르릉통신 | 최초의 휴대폰성지","일잘러들의 ‘통화’는 이렇게 다릅니다 

✅ 일 관련 통화는 자동 녹음으로 기록
아무리 기억력이 좋다고 하더라도
통화한 내용을 메모해두지 않는다면
정확성이 떨어지겠죠?
📍
전화 앱 → 설정 → 통화 녹음 → 자동 녹음 설정
모든 통화 또는 특정 번호 통화만 선택 가능 (점 대신 * )

✅ 통화 녹음을 AI 통화 요약으로 정리
통화 녹음을 AI 통화 요약 기능을 통해
자동으로 텍스트로 변환할 수 있어요
핵심 내용을 뽑아내어 보고용 메모로 즉시 활용할 수 있죠

✅ 카페, 재택근무하더라도 소음은 차단
회사 외부에서 근무를 하게 되면 
통화 시 소음이 문제가 될 수 있죠
이때에는 소음 제거를 활성화해서 
내 목소리만 깔끔하게 전달하세요

💡
작은 설정이 직장에서의 신뢰를 가져다줍니다",0,"03/02/2026 00:30",https://www.instagram.com/p/DVYBpnqjXPD/,"Instagram 슬라이드",,"전체 기간",710,2954,7,0,2,0,9
18034068635784649,17841450824863436,drr__official,"따르릉통신 | 최초의 휴대폰성지","애플 공식 기준, 아이폰 속도 2배 늘리기

📌 저장 공간이 성능 좌우
아이폰 저장 공간이 부족하면
앱 실행·시스템 반응 속도에
영향을 줄 수 있어요

→ 여유 공간 유지 권장
→ 최소 5~10GB 확보

📌 백그라운드 앱 점검
백그라운드에서 실행 중인 앱은
시스템 리소스와 배터리를 사용해요
그럼 속도에 영향이 갈 수 있어요

→ 사용하지 않는 앱은 끄는 걸 권장

📌 iOS 시각 효과 줄이기
“설정 → 손쉬운 사용 → 동작 → 동작 줄이기 ON”

시각 효과를 줄이면
일부 애플 기기에서 반응이 빨라질 수 있어요
특히 구형 모델, 배터리 성능 저하 기기에서 효과가 커요

📌 아이폰 재시동
껐다 켜는 건
애플이 직접 권장하는 기본 조치예요
센터에 가도 직원이 가장 먼저 하는 건
재시동이랍니다

→ 메모리 캐시 초기화
→ 백그라운드 오류 정리

💡
점검만 잘해줘도
아이폰 속도 체감이 달라질 거예요",0,"02/28/2026 00:30",https://www.instagram.com/p/DVS4EURj1L-/,"Instagram 슬라이드",,"전체 기간",392,7895,13,4,1,0,20
18088961507277999,17841450824863436,drr__official,"따르릉통신 | 최초의 휴대폰성지","통화하는데 주변 소음 때문에
상대방이 내가 말하는 걸 잘 못 듣는다면?

설정만 잘해줘도 통화 음질이 깨끗해져요!
아이폰, 갤럭시 버전으로 각각 알려드릴게요

아이폰일 때
📍
통화 중
> 손가락으로 화면 스크롤- ‘제어센터’ 내리기
> 상단 ‘마이크 모드’ 선택
> ‘음성 분리’ 활성화
(글자 박스)

이렇게만 하면
주변 소음은 자동 제거되고
상대방에게 잡음 없이
내 목소리를 전달할 수 있어요

갤럭시일 때
갤럭시는 통화 설정 안에
소음 감소 기능이 따로 있어요

📍
설정 → 통화 설정 → 통화 음질 / 소음 감소
> ON 또는 OFF 바꿔가며 테스트
- 장소에 따라서는 ON 보다 OFF가 더 선명할 때도 있어요 (작은 글씨로, 점은 * 이걸로)

📱
만약 이렇게 설정했는데도
통화품질이 나아지지 않는다면?
따르릉통신으로!",0,"02/27/2026 01:00",https://www.instagram.com/p/DVQWv7PDXZe/,"Instagram 슬라이드",,"전체 기간",851,3941,8,2,0,0,15
17928483261218969,17841450824863436,drr__official,"따르릉통신 | 최초의 휴대폰성지","문자나 카톡 등에서
계좌번호, 인증번호, 비번 등을
‘복사-붙여넣기’ 하는 분들이 있나요?

복사-붙여넣기 한 내용이
휴대폰 ‘클립보드’에 저장되고, 노출될 수도 있어요!

다른 앱에서
클립보드에 접근할 수 있고
내가 복사한 정보가
다른 앱에 노출될 가능성도 높아지죠

따라서 클립보드는
미리 정리해두시는 게 중요해요

클립보드 정리하는 법
1.
문자, 카톡 입력창에서
키보드 위 ‘📋 클립보드 아이콘’ 누르기

2.
🗑 휴지통 아이콘 누른 뒤
‘전체 선택’ - ‘삭제’ 누르기

클립보드 접근 알림도
미리 설정해두세요 
- 갤럭시 기준, 아이폰은 iOS14 이상부터 기본 활성화
📍
설정 → 보안 및 개인정보 보호 → 하단 ‘기타 개인정보 설정’ 또는 ‘제어 및 알림’ → ‘클립보드 접근 시 알림’ ON

이렇게 해두면
어떤 앱이 복사한 내용을 보려고 할 때
바로 알 수 있어요

⚠️
자칫 노출되기 쉬운 개인정보,
스스로 먼저 챙겨야 돼요",0,"02/27/2026 00:30",https://www.instagram.com/p/DVQTSe5AriK/,"Instagram 슬라이드",,"전체 기간",1002,3751,9,5,2,0,29
18097702163504140,17841450824863436,drr__official,"따르릉통신 | 최초의 휴대폰성지","혼자 있을 때면
늘 음악을 들으시나요?

그렇다면 이 설정은 꼭 해보세요
생각보다 음질 차이가 꽤 나거든요

첫 번째,
📍설정 → 손쉬운 사용 → 오디오 및 시각 효과 → 오디오 조정
▶️ 오디오 조정 ON
▶️ 오디오 튜닝 > ‘매우’로 조절
▶️ 적용 > 전화기, 미디오 모두 ON

두 번째,
📍설정 → 손쉬운 사용 → 오디오 및 시각 효과
▶️ 모노 오디오 ON
▶️ 음성 분리 추가 ON
이후 ‘손쉬운 사용’ 탭으로 돌아가 음악 햅틱 ON

세 번째,
📍설정 → 사운드 및 햅틱 → 음량 제한 → 최대 음량 제한 ON
📍설정 → 사운드 및 햅틱 → 헤드폰 안전성 → 큰 오디오 소리 줄이기 ON

🎧
혼자만의 시간
음질 좋은 음악으로 즐겨보세요",0,"02/27/2026 00:00",https://www.instagram.com/p/DVQP3lxgSzU/,"Instagram 슬라이드",,"전체 기간",681,6651,16,6,1,0,39
17991719558924169,17841450824863436,drr__official,"따르릉통신 | 최초의 휴대폰성지","Wi-fi 쓰는데도 데이터가 새고 있다고?

✅ 앱 업데이트
✅ 사진 백업
✅ 메신저 동기화
등 이런 작업들은
기본적으로 와이파이에서만 된다고 아실 거예요
그런데…!

✔️ 와이파이가 불안정하거나
✔️ 화면이 꺼진 상태이거나
✔️백업이 이미 시작된 상태에서 

와이파이가 끊기거나
‘모바일 데이터 허용’이 켜져있다면
데이터가 쓰일 수 있어요!
- 특히 아이폰은 와이파이 품질이 낮다고 판단되면 셀룰러 데이터로 이어서 백업합니다

아이폰일 때
1.
📌
 설정 → 셀룰러(또는 모바일 데이터) → Wi-Fi 지원 OFF
▶️ 이걸 끄지 않으면 와이파이가 약할 때 셀룰러 네트워크를 사용해서 문서 및 데이터를 전송해요

2.
📌 
설정 → 앱 → 사진 → 셀룰러 데이터 OFF
📌 
설정 → App Store → 셀룰러 데이터 ‘자동 다운로드’ OFF

갤럭시일 때
1.
📌
설정 → 연결 → Wi-Fi → 모바일 데이터로 전환 OFF (또는 지능형 Wi-Fi OFF)
▶️ 이게 켜져 있으면 와이파이가 있어도 데이터를 사용해요

2.
📌
설정 → 계정 및 백업 → 삼성 클라우드 / Google 포토 → 모바일 데이터 사용 OFF
📌
Play 스토어 → 설정 → 앱 자동 업데이트 → Wi-Fi에서만

⚠️ 
데이터 무제한이 아니라면
데이터 새지 않도록 꼭 설정해 두세요",0,"02/26/2026 01:00",https://www.instagram.com/p/DVNx9Cdjf5B/,"Instagram 슬라이드",,"전체 기간",1414,5383,14,0,1,0,21
18398452009182663,17841450824863436,drr__official,"따르릉통신 | 최초의 휴대폰성지","아메리칸 익스프레스(이하 아멕스) 카드는
북미, 유럽, 아시아 지역에서
비즈니스 여행객들이 많이 사용하는데요

그런 아멕스 카드를
삼성 월렛으로도 사용할 수 있게 됐어요

♦️
최근 삼성전자가
삼성 월렛으로 해외 결제가 가능한 카드에
‘아멕스’ 카드를 추가했어요

이에 따라
삼성 월렛 사용자는 
해외에서 실물 카드 없이도
아멕스 카드 결제를 할 수 있죠

게다가 삼성 월렛은
보안 기능, 안전한 결제 환경 지원 등으로
해외여행, 출장 시 유용한 만큼
이번 아멕스 카드 결제도
사용성이 높을 것으로 기대됩니다

📱
삼성 월렛 때문에
스마트폰 바꾸고자 한다면?
따르릉통신에서!",0,"02/26/2026 00:30",https://www.instagram.com/p/DVNueH9DcgR/,"Instagram 슬라이드",,"전체 기간",2336,5505,8,4,0,0,4
17955747884932370,17841450824863436,drr__official,"따르릉통신 | 최초의 휴대폰성지","가장 기억에 남는 고객 #4 반월당점
“휴대폰을 해킹 당한 것 같아요”

어느 날,
불안한 얼굴을 한 고객님이 매장을 찾으셨습니다

“휴대폰이 해킹당한 것 같아요”

누군가 자신을 감시하는 것 같고, 
자는 사이 기기에 이상한 장치가 설치된 것 같다고
떨리는 목소리로 말씀하셨습니다

단말기 교체, 유심 변경에
가능하면 번호까지 모두 바꾸고 싶다고 하셨죠

사실 믿을 수 없는 이야기였지만
저는 판단하는 대신 이야기를 듣기로 했습니다

이야기를 끝까지 끊지 않고 들었어요
아마 그 말을 온전히 들어준 사람이
많지 않았던 것 같았습니다

그 이후
고객님은 저를 신뢰하기 시작하셨고,
휴대폰, 인터넷, TV까지
모두 저를 통해 변경하셨죠

하지만 시간이 지나면서
조심스레 걱정이 되었고,
작은 계기로 병원을 권해드렸습니다

늦게나마 고객님은
스스로 상태를 받아들이셨고
치료를 시작하셨어요

얼마 뒤,
고객님은 밝은 얼굴로
김밥과 햄버거를 들고
다시 매장을 찾아오셨습니다

“이제는 잠도 잘 자요”

저는 그 한마디를 잊지 못합니다

함부로 판단하지 않고
믿고 들어주는 일에서부터
신뢰는 시작되더라고요",0,"02/26/2026 00:00",https://www.instagram.com/p/DVNrEx5DjlI/,"Instagram 슬라이드",,"전체 기간",429,5442,7,0,0,0,5
18090376205122352,17841450824863436,drr__official,"따르릉통신 | 최초의 휴대폰성지","따르릉통신이 알려주는 폰 털리지 않도록 안전, 보안 필수 설정법!

1️⃣ 잠금화면 비밀번호 숫자 6자리 이상
→ 생일·전화번호 ❌ / 랜덤 조합 ⭕️

2️⃣ 지문 + 얼굴인식 둘 다 설정
→ 하나만 쓰는 것보다 훨씬 안전

3️⃣ 유심(USIM) 비밀번호 설정
→ 폰 잃어버려도 통화·문자 악용 방지

4️⃣ 앱 잠금 설정 (카톡·갤러리·은행앱)
→ 지문 없으면 앱 실행 불가

5️⃣ 자동 와이파이 연결 OFF
→ 공공 와이파이 해킹 방지

6️⃣ OS & 앱 자동 업데이트 ON
→ 보안 패치 놓치면 바로 위험

7️⃣ 계정 2단계 인증 설정
→ 네이버·카카오·구글 필수!",37,"02/25/2026 01:01",https://www.instagram.com/reel/DVLNOkJiENO/,"Instagram 릴스",,"전체 기간",2970,2270,11,5,6,0,9
18117271132533566,17841450824863436,drr__official,"따르릉통신 | 최초의 휴대폰성지","최근 제조사 업데이트 방향을 보면
✔️ 소음 제거 강화
✔️ AI 음성 분석
✔️ 텍스트 전환
✔️ 자동 필터링
✔️ 통화 품질 개인화
등으로 축약해 볼 수 있어요

즉, 많이 받는 시대에서
‘잘 선별하고, 잘 기록하는’ 시대가 됐죠

그럼 아이폰, 갤럭시
각각 어떤 기능이 주목받는지 소개해 볼게요

📱 
아이폰
💡 통화 중 ‘마이크 모드’
▶️ 음성 분리로 내 목소리만 또렷하게
▶️ 와이드 스펙트럼으로 주변 소리까지 다 들리게
* iOS 16 이상 FaceTime 및 일부 앱 통화 지원
* iOS 17 이후 일반 셀룰러 통화에서도 지원 확대

갤럭시에도 ‘통화 중 소음 제거’ 기능이 있어요!

💡 알 수 없는 발신자 스크리닝
▶️ 연락처에 없는 번호는 자동 무음 처리
▶️ 음성 사서함으로 전송
모든 전화를 받기 보다
필요한 전화만 골라서 받는 기능

📱 
갤럭시
💡 통화 자동 녹음 & 텍스트 변환
▶️ 통화를 자동으로 녹음해 주고
▶️ 녹음된 통화를 텍스트로 변환해 줘요 * 일부 최신 기종 
👉 중요한 통화는 기록해둘 수 있고, 일할 때도 정리 시간을 단축시킬 수 있죠

📞
스마트폰이라 해도 역시
중요한 건 ‘통화’죠",0,"02/25/2026 00:30",https://www.instagram.com/p/DVLJrOQjaru/,"Instagram 슬라이드",,"전체 기간",586,3314,6,1,0,0,5
18085925480186004,17841450824863436,drr__official,"따르릉통신 | 최초의 휴대폰성지","운전 중, 요리 중, 일하는 중
손이 묶여있을 땐?
갤럭시 ‘빅스비’ 음성명령 기능을
활용해 보세요! 

📍
설정 → 유용한 기능 → 빅스비 → 음성 호출 ON

이렇게만 설정해두면
✅ 전화 걸기 ✅ 문자 보내기 ✅ 정보 검색 ✅ 앱 실행
등을 손 안 대고 조작할 수 있어요
+
삼성 기기와도 연동되어
가전까지도 제어할 수 있어요!

📍
설정 → 모드 및 루틴 → 더보기(오른쪽 상단 점 3개) → 설정 선택 → 앱스 화면에 모드 및 루틴 표시 ON

또한, ‘조건’ 동작’ 등을 설정해놓으면
지정한 조건 만족 시 자동으로 설정한 동작을 실행해주는
갤럭시 루틴 기능을 활용하면 더 편리하죠

💡
말로 갤럭시 쓸 때는 “하이 빅스비”
스마트폰 살 때는 “따르릉통신”",0,"02/25/2026 00:00",https://www.instagram.com/p/DVLGRkmjcfr/,"Instagram 슬라이드",,"전체 기간",622,747,9,0,0,0,10
17962256132903950,17841450824863436,drr__official,"따르릉통신 | 최초의 휴대폰성지","갤럭시 S26 말만 해도 사진 편집?

갤럭시 S26 시리즈에 
AI를 활용한 다양한 창작 기능이 
탑재될 것으로 기대를 모으고 있어요

어떻게 활용할 수 있게 될까요?

별도의 앱 없이 
간편하고 신속하게 전문가가 편집한 듯한 
사진, 콘텐츠를 제작할 수 있게 되죠

그런데 이걸 말 한마디로도 가능하게 된다고 해요

누구나 영화 같은 영상을 만들고
밤하늘에 별 움직임을 담고
저조도 환경에서도 멋진 사진을 찍고
몇 마디 말 만으로도
손쉽게 결과물을 편집하는 세상

갤럭시 S26으로 가능해집니다

✔️
갤럭시 S26 출시 일정
언팩  2/26(목) 새벽 3시 (한국시간 기준)
사전예약  2/27(금) ~ 3/5(목)
사전개통  3/6(금) ~ 3/11(수)
정식출시  3/11(수) ~

사진 출처: Samsung Newsroom",0,"02/24/2026 01:00",https://www.instagram.com/p/DVIoXpyCNub/,"Instagram 슬라이드",,"전체 기간",1508,2121,8,0,0,0,2
18083358125211879,17841450824863436,drr__official,"따르릉통신 | 최초의 휴대폰성지","갤럭시 S26 출시 일정 

언팩  2/26(목) 새벽 3시 (한국시간 기준)
사전예약  2/27(금) ~ 3/5(목)
사전개통  3/6(금) ~ 3/11(수)
정식출시  3/11(수) ~

✔️
사전예약 시 꼭 체크해야 할 부분
1️⃣ 매장 자체 지원금 및 사은품
2️⃣ 재고 보유량 및 우선 개통 확인
3️⃣ 예약 취소 위약금 및 불이익 확인

✔️
휴대폰 구매 시 꼭 체크해야 할 부분
1️⃣ 실질적인 '기기값(할부원금)' 확인
2️⃣ 공통지원금 vs 선택약정 비교
3️⃣ 불필요한 조건 유무 파악 (반납 조건, 장기 할부 등)

💡
잘 모르겠다 싶으시면? 
따르릉통신에 물어보세요
친절하게 답해드릴게요!",0,"02/24/2026 00:30",https://www.instagram.com/p/DVIk4QMFpqn/,"Instagram 슬라이드",,"전체 기간",546,3532,5,0,2,0,4
18113427928639374,17841450824863436,drr__official,"따르릉통신 | 최초의 휴대폰성지","약정이 끝나고 요금이 줄어들 줄 알았는데 그대로라면?
이것부터 확인해 보세요!

♦️
약정 종료 🟰 요금제 자동 종료❓
NO!
통신사가 요금을 알아서 낮춰주지는 않아요
약정이 종료되었다면 해지 의사를 표시하고,
직접 여러분에게 맞는
요금제를 찾는 것이 중요합니다

♦️
할인 혜택 확인 ✔️

약정 기간 동안 적용된
할인 혜택 (ex. 선택 약정 등)은
약정이 끝나면 자동으로 사라질 수 있어요

그래서 실제 요금을 더 내는 것처럼 느껴질 수 있습니다

♦️
불필요한 부가 서비스 ✔️

생각보다 많은 분들이
부가 서비스 가입한 걸 잊고
요금을 내고 계시는데요

애초에 휴대폰 구입할 때부터
불필요한 부가서비스에 가입하지 않는 게 좋습니다

💡
손해 없이 휴대폰 쓰고 싶다면?
따르릉통신에서 상담받아보세요!",0,"02/23/2026 01:00",https://www.instagram.com/p/DVGDhtDlv3R/,"Instagram 슬라이드",,"전체 기간",323,449,4,3,0,0,7
17859513669543853,17841450824863436,drr__official,"따르릉통신 | 최초의 휴대폰성지","회의 많은 직장인에게
추천하는 꿀팁

음성 녹음 & 자동 텍스트 변환

📱갤럭시
기본 음성 녹음 앱 → ‘텍스트 변환’ 기능 지원
(회의 후 바로 텍스트 확인 가능)
특히 최신 기종은 요약 기능까지 가능해요!

📱아이폰
음성 메모 앱 + OpenAI 기반 앱 활용
ex. Notion Labs Notion AI 등
👉 회의록 정리 시간 30분 → 5분으로 단축

회의 집중 모드 ON

📱갤럭시
설정 → 디지털 웰빙 → 집중 모드
✔ 업무 앱만 허용
✔ 회의 시간 예약 가능
✔ 방해금지와 연동 가능

📱아이폰
설정 → 집중 모드 → 업무 → 사용자화
✔특정 사람 / 앱만 알림 허용 가능
✔ 잠금화면 / 홈화면 따로 설정 가능

ex. 회의 중 카톡만 허용
팀장 전화만 받기
업무용 화면 따로 구성하기

💡
스마트폰만 잘 활용해도
일잘러 소리 들어요",0,"02/23/2026 00:30",https://www.instagram.com/p/DVGAFtiAW9z/,"Instagram 슬라이드",,"전체 기간",183,118,3,0,0,0,5
18081002264027977,17841450824863436,drr__official,"따르릉통신 | 최초의 휴대폰성지","배터리 수명 늘리는 꿀TIP 공유

✔️
배터리 저전력 모드는 50% 정도 남았을 때
활성화하는 게 좋아요!

✔️
0% 끝까지 쓰는 건 오히려 독!
완전 방전이 반복되면 수명이 단축될 수 있어요
20% 전후에는 충전을 하는 게 좋아요
가장 안정적인 사용 구간은 20~80%

✔️
갤럭시일 때
📌
설정 > 배터리 및 디바이스 케어 > 배터리 > 백그라운드 사용 제한
설정 > 애플리케이션 > 앱 선택 > 모바일 데이터 > 백그라운드 데이터 사용 OFF

절전 모드를 활성화해두면 
배터리를 보다 더 보호할 수 있어요 

✔️
아이폰일 때
📌
일반 > 백그라운드 앱 새로고침 OFF

백그라운드 앱이 수시로 켜질 수 있어
와이파이, 셀룰러 모두 꺼두시는 게 좋아요

만약, 아이폰에서
Siri 기능을 쓰지 않는다면?
“설정 > Siri > ‘제안’ 기능 모두 OFF”
해두시면 배터리를 아낄 수 있어요

✔️
그럼에도 배터리가 빨리 닳는다면?
🚨 휴대폰 바꿀 때가 된 거예요",0,"02/23/2026 00:00",https://www.instagram.com/p/DVF8qJYEmmu/,"Instagram 슬라이드",,"전체 기간",391,7725,12,2,0,0,19
18105263902827997,17841450824863436,drr__official,"따르릉통신 | 최초의 휴대폰성지","갤럭시 S26 출시 직후 구매하는 만큼
‘남들보다’
‘더 많은’ 
혜택을 확보하는 것이 중요합니다

따르릉통신이
어떤 점을 체크해야 하는지 짚어드릴게요!

**1️⃣** 매장 자체 지원금 & 사은품

공통으로 주는 지원금 외에
따로 매장에서 주는 지원금이나 단독 사은품이
얼마나 풍성한지를 비교해 보세요

**2️⃣** 재고 보유량 & 우선 개통

원하는 색상과 용량의 재고를 
매장이 얼마나 확보할 수 있는지,
예약 순서대로 **첫날 바로 개통이 가능**한 매장인지 체크해보세요

3️⃣ 예약 취소 위약금 및 불이익 체크

예약해 두고 마음이 바뀔 수도 있죠!
이때 취소 위약금이 있는지 확인해 보세요

위약금 없이 자유로운 취소가 가능한 매장이 신뢰할 수 있는 곳입니다!

✔️

신뢰를 바탕으로
빠르게, 풍성하게
S26을 바꿀 수 있는 곳은?따르릉통신!

(참고) 갤럭시 S26 일정
사전예약  2/27(금) ~ 3/5(목)
사전개통  3/6(금) ~ 3/11(수)
정식출시  3/11(수)",0,"02/22/2026 00:30",https://www.instagram.com/p/DVDbSqZjwgs/,"Instagram 슬라이드",,"전체 기간",777,1539,8,1,2,0,4
17842846227695955,17841450824863436,drr__official,"따르릉통신 | 최초의 휴대폰성지","SNS 올린 사진보면
한숨부터 나오는 친구 있나요?

여러분의 사진 보정법을 에어드롭으로 한 번에
알려줘보세요

📍
사진 전송 전 ‘옵션’ 버튼 누르기 > ‘모든 사진 데이터’ ON

이 상태에서 에어드롭으로 사진을 보내면
모든 편집 기록도 같이 확인해볼 수 있어요

💡
알고 쓰면 더 편한 아이폰 사용법
따르릉통신에서 더 알아가 보세요",0,"02/22/2026 00:30",https://www.instagram.com/p/DVDbSbbDTM9/,"Instagram 슬라이드",,"전체 기간",1194,3927,10,1,0,0,10
18095328295948189,17841450824863436,drr__official,"따르릉통신 | 최초의 휴대폰성지","아이폰 파일 앱, 
아직도 문서 저장용으로만 쓰고 계시나요?

‘사진 배경 한 번에 제거’
‘이미지 포맷 바꾸기’
‘압축 & PDF 변환’까지
가능한데도요?

- 사진 누끼 한 번에 만들기
1️⃣ 사진 여러 장을 파일 앱으로 끌어오기 (또는 저장하기)
2️⃣ 파일 앱 속 사진을 여러 장 선택하기
3️⃣ 오른쪽 아래 점 3개 (···) 누르기
4️⃣ 빠른 동작 > 배경 제거

✔️ 배경이 사라진 PNG 파일로 누끼를 한 번에 만들 수 있어요

- 이미지 포맷 변환하기
“파일 선택 (여러 개 가능) → 빠른 동작 → 이미지 변환”

이 과정만 거치면 JPG, PNG, HEIC 등 
원하는 포맷으로 변환할 수 있어요

- 압축 & PDF 변환하기
“파일 선택 (여러 개 가능) → 빠른 동작 
→ 압축 or PDF로 변환”
업무용으로 꽤 유용하게 쓸 수 있는 기능이랍니다

💡
기본 앱도 잘 쓰면 유료 앱 보다도 유용해요",0,"02/22/2026 00:00",https://www.instagram.com/p/DVDX5TfgUh4/,"Instagram 슬라이드",,"전체 기간",2401,4848,14,7,5,0,29
18094863572314392,17841450824863436,drr__official,"따르릉통신 | 최초의 휴대폰성지","어렸을 적 찍은 오래된 필름이 
집에 있나요?

지금 바로
휴대폰으로 스캔해서 확인해 볼 수 있어요!

✅
우선 모니터 흰 배경화면에
필름을 올려놓고 촬영해 주세요

✅
그 후
1. 라이트룸 앱 → 사진 선택 → 편집 → 색상 
→ 스포이드 → 필름 테두리 선택
2. 밝기 → 곡선 → 그래프 뒤집어주기
3. 노출값 올리기
4. 색상 탭에서 색조를 좌/우로 옮겨 톤 맞추기

💡
오래된 추억도
스마트폰으로 언제든",0,"02/21/2026 01:00",https://www.instagram.com/p/DVA5_y5DxfB/,"Instagram 슬라이드",,"전체 기간",832,1847,17,10,0,0,44
18106933594814030,17841450824863436,drr__official,"따르릉통신 | 최초의 휴대폰성지","휴대폰 화면을 다크 모드로 설정하면
눈이 편안하다고 생각하시죠

하지만
오히려 눈이 피곤해질 수 있다는 사실

⚫
검은 배경에 흰 글씨 화면은
글자 가장자리가 번져서
눈은 그 글자를 뚜렷하게 보기 위해
눈 근육을 과도하게 쓴다고 해요

잘못하면 근시를 유도할 수 있어요

⚫
밤에 혹은 어두운 곳에서
눈부심을 줄이기 위해 잠깐잠깐 확인할 때는
다크 모드 사용이 좋지만

그 외에는
라이트 모드로 사용하는 걸 권장해요

👀
눈 건강은 꼭 챙기면서 스마트폰 생활하세요",0,"02/21/2026 00:30",https://www.instagram.com/p/DVA2f1Ej82B/,"Instagram 슬라이드",,"전체 기간",390,10262,6,68,0,1,7
17877919827495297,17841450824863436,drr__official,"따르릉통신 | 최초의 휴대폰성지","부모님 스마트폰 TIP
편리한 사용법 설정 feat. 갤럭시 

스마트폰 기능은
점차 발전하고 있지만
부모님 세대에서는 오히려 헷갈릴 수밖에 없죠

잘못 누를까 봐 무섭고
알림도 너무 많이 뜨고
이렇게 한 번 바꿔보시겠어요?

📱
“왜 안 눌리지?”
“두 번 누르면 어떡하지?”

📍
설정 → 디스플레이 → 터치 민감도 켜기
설정 → 접근성 → 상호작용 및 민첩성 → 반복 터치 무시 켜기

✔ 보호필름 때문에 안 눌리는 문제 해결
✔ 두 번 눌리는 실수 방지

📱
“화면은 어지럽고
알림 때문에 깜짝깜짝 놀라고”

📍
설정 → 접근성 → 시인성 향상 → 애니메이션 제거
설정 → 알림 → 불필요한 앱 알림 끄기
설정 → 알림 → 알림 팝업 스타일 → 간단히

✔ 화면이 갑자기 휙휙 바뀌지도 않고
✔ 불필요한 알림이 없어져요

📱
“잘못 눌렀다가
실수하면 어떡하지?”

📍한 앱만 쓰도록 잠그기
설정 → 접근성 → 고급 설정 → 화면 고정 켜기
최근 앱 화면 → 앱 아이콘 탭 → 화면 고정

📍버튼 누르기 쉽게
설정 → 접근성 → 상호작용 및 민첩성 → 보조 메뉴 켜기

✔ 유튜브·카톡·은행앱 사용할 때 실수 X
✔ 뒤로 가기·홈 버튼을 화면에서 바로 누를 수 있어요

📱
스마트폰 사용을
어려워하시는 부모님께 해드려보세요",0,"02/21/2026 00:00",https://www.instagram.com/p/DVAzGQdGPd1/,"Instagram 슬라이드",,"전체 기간",1610,1993,14,0,6,0,32
18066064199289553,17841450824863436,drr__official,"따르릉통신 | 최초의 휴대폰성지","보이스피싱 막아주는 아이폰 신기능
부모님께 꼭 해드리세요! 

‘알 수 없는 발신자 스크리닝’
[설정] → [앱] → [전화] → [알 수 없는 발신자 스크리닝]

이렇게 설정해두면
저장되지 않은 번호로 전화가 왔을 때
아이폰이 먼저 응답하게 돼요

💡
알 수 없는 전화가 오면?
✔ AI가 용건을 묻거나
✔ 무음으로 음성사서함으로 전환

발신자의 말은 문자로 실시간 전달돼요
문자를 확인한 뒤
전화를 받을지, 끊을지 선택하면 되죠

급하게 받을 필요 없이
수상한 전화는 자연스럽게 걸러지게 됩니다

♦️
보이스피싱, 미리 예방하는 것이 중요해요",0,"02/20/2026 01:00",https://www.instagram.com/p/DU-VI0RD_1p/,"Instagram 슬라이드",,"전체 기간",491,5351,13,8,3,0,23
18138204520441815,17841450824863436,drr__official,"따르릉통신 | 최초의 휴대폰성지","휴대폰 물에 빠트렸을 때
곧바로 해야 하는 것

♦️
휴대폰을 빠트렸다면
재빠르게 꺼낸 후
즉시 전원 OFF 해야 합니다 

물속에 오래 있을수록
내부 부품에까지 물이 침투해 손상 위험이 커지고
전원이 켜진 상태에서는
회로 쇼트(합선)나 부식 위험이 높아져요

♦️
분리가 가능한 부품은 제거하세요
✔ 케이스
✔ SIM 카드 / 메모리 카드
✔ 이어폰, 외장 액세서리
통풍이 잘 되도록 하여 건조가 빨라져요

♦️
겉면은 부드러운 천으로 닦되
포트, 스피커 등의 구멍으로 
물이 스며들지 않도록 주의해 주세요

그 후
충전포트를 아래로 향하게 해서 세워두세요

♦️
밀폐용기 안에
실리카겔(방습제)와 함께 넣어두고
최소 24시간에서 48시간까지
그대로 두는 것도 방법이에요
(휴대폰 전원 OFF + 케이스 및 SIM 분리)

▶️ 이때는 꼭 ‘실리카겔’ 방습제를 
쓰셔야 합니다 (액체류 X)
과자봉지, 신발 등에 들어있는 
방습제를 모아두었다가 활용하시면 좋아요

📱
그럼에도 휴대폰이 작동하지 않는다면?
따르릉통신으로!",0,"02/20/2026 00:30",https://www.instagram.com/p/DU-Rsq4CfCL/,"Instagram 슬라이드",,"전체 기간",337,8060,18,5,2,0,18
18116728444545543,17841450824863436,drr__official,"따르릉통신 | 최초의 휴대폰성지","혹시 밤에 자기 전
불 다 끈 상태에서 스마트폰을 보고 계시나요?
이 습관이 실명까지도 갈 수 있다는 사실!

📱
어둠 속 스마트폰 사용은
눈을 혹사시키는 가장 위험한 행동이에요

주변이 어두워지면
빛을 더 받기 위해서 동공이 확장되는데
이때 갑자기 스마트폰 밝은 화면에 집중하게 되면
안압이 급격히 높아지기 때문이죠

안압이 높아지면 시야가 좁아지고
방치하면 실명까지 이를 수 있는
녹내장에 걸릴 확률이 높아져요

따라서
스마트폰을 볼 때는
작은 스탠드라도 켜서
눈의 부담을 덜어주는 게 좋아요

👀
스마트폰
눈 건강은 지켜가면서 사용하세요",0,"02/20/2026 00:00",https://www.instagram.com/p/DU-OSkYgivp/,"Instagram 슬라이드",,"전체 기간",364,8595,9,17,0,0,13
18384786904158627,17841450824863436,drr__official,"따르릉통신 | 최초의 휴대폰성지","요즘 나이가 들었다고 느끼는 순간은
거울이 아니라 스마트폰 앞에서 본다
바뀐 화면에 적응하지 못할까
망설이는 나의 모습에서

예전엔 스마트폰이
세상을 넓혀줬다면
이제는 세상을
정리해 주는 도구가 됐다

그래서
앱을 지우고
알림을 끄며
덜 흔들리기 위해 화면을 비운다

모든 걸 체험하지 않아도
기억에 남는 장면은 남는다
빠르게 따라가지 않아도
뒤처지는 건 아니라는 걸
나이 들며 알아간다

나이 들어간다는 건
스마트폰을
나에게 맞게 쓰게 되는 일

나이를 먹는다는 건
전보다 덜 흔들리며 사는 일입니다",0,"02/19/2026 00:30",https://www.instagram.com/p/DU7s5z2DYD7/,"Instagram 슬라이드",,"전체 기간",379,4487,4,0,0,0,4
18087195623148671,17841450824863436,drr__official,"따르릉통신 | 최초의 휴대폰성지","갤럭시 S25, 손해 안 보고 사는 법 
같은 핸드폰인데 사는 곳마다 가격 다른 거
이제 다들 아시죠?

저는
카드 조건 없고
쓸데없는 부가서비스 가입 없고
반납 조건 없어서
따르릉통신에서 늘 바꾼답니다

친절한 직원이
요금제도 일일이 하나하나 다 설명해주니
초보자들도 안심하고 구매 가능할 것 같아요",35,"02/18/2026 00:30",https://www.instagram.com/reel/DU5IKVHFFXL/,"Instagram 릴스",,"전체 기간",2183,1626,11,1,2,0,9
18059663330689692,17841450824863436,drr__official,"따르릉통신 | 최초의 휴대폰성지","애플의 단축어는
매번 설정 들어가서 바꾸는 게
귀찮은 사람들을 위한 기능이에요

Apple에서 제공하는 아이폰 기본 앱으로
✅ 설정
✅ 앱 실행
✅ 시스템 동작
을 하나의 버튼으로 묶을 수 있어요
몇 가지 활용 방법을 알려드릴게요

① 배터리 부족일 때 저전력 모드 켜기
새로운 자동화  또는 + 추가 → 개인 자동화 생성 
→ 배터리 잔량 → % 이하 (원하는 값 설정) → 다음 
→ 동작 추가 → 저전력 모드 설정 → 다음 
→ 실행 전에 묻기 끔 → 즉시 실행

② 기상시 날씨 알람 받기
새로운 자동화  또는 + 추가→ 알람 
→ 중단될 때 + 알람 ‘기상 or 기존 항목’ + 즉시 실행 선택 
→ 다음 → 새로운 단축어 생성 
→ ‘현재 날씨 가져오기’ + 텍스트 말하기

③ 집 도착했을 때 Wi-Fi 연결하기
새로운 자동화 또는 + 추가 → 개인 자동화 생성 
→ 도착 → 위치 및 조건 선택 (집 주소 검색) 
→ 새로운 단축어 생성 → 동작 검색 
→ Wi-Fi 설정 검색 및 클릭 → Wi-Fi 켬 
* ‘집 밖에 나갈 때 Wi-Fi 끄기’로 응용할 수도 있어요! 

💡
여러분이 쓰고 있는
단축어 기능도 있다면 공유해주세요",0,"02/17/2026 01:00",https://www.instagram.com/p/DU2mx2Lgi2J/,"Instagram 슬라이드",,"전체 기간",1418,7321,22,23,6,0,41
18161494243417761,17841450824863436,drr__official,"따르릉통신 | 최초의 휴대폰성지","가족 전체가 매장 고객이 된 이유
가장 기억에 남는 고객 #3 진천점 

따님과 어머님이
함께 매장을 찾아주셨어요.
이번이 저희 매장 첫 방문이셨습니다

따님 아이폰 변경 상담을 요청 주셔서
요금제와 기기값을 안내해 드리자
“생각보다 너무 싸네요”
조금 놀라신 표정이었어요

혹시 다른 조건이 있는 건 아닌지
제휴카드나 기존 폰 반납이
필수인지도 조심스럽게 물어보셨죠

저희 매장은 필수 조건 없이
사용하실 경우에만 혜택을 안내드린다고
있는 그대로 설명드렸습니다

“상담을 정말 친절하게 해주시네요”
라는 말씀이 유독 기억에 남았네요

이후 결합 할인과
놓치고 있는 혜택이 있는지 함께 조회해 보니
인터넷과 TV 약정이
이미 종료된 상태였습니다.

어머님께서는
“지인들은 사은품도 받고 했다는데
우리는 예전에 아무것도 못 받았어요”
라며 속상한 마음을 조심스레 털어놓으셨어요

그래서
현재 기준으로 받을 수 있는
인터넷·TV 최대 혜택, 휴대폰 결합 할인
매장 이용 시 지원금까지
하나하나 안내해 드렸습니다

설명을 듣던 중
“남편이랑 어머니도 폰 바꿀 때가 됐어요”라며
추가 상담을 요청해 주셨고
결국 가족 모두 함께 통신사 이동을 결정하셨어요

이번 상담을 통해
신뢰는 친절한 설명에서부터 시작된다는 걸
다시 한번 느꼈답니다",0,"02/17/2026 00:30",https://www.instagram.com/p/DU2jT-tDpzv/,"Instagram 슬라이드",,"전체 기간",1550,1524,4,0,0,0,3
17921460204253558,17841450824863436,drr__official,"따르릉통신 | 최초의 휴대폰성지","아이폰, 아무 케이블로 충전해도 될까?

아이폰은
정밀한 Power Delivery(PD) 협상 구조를 사용해요
따라서 겉보기엔 같은 USB라도
✔ 전력 제어 방식
✔ 보호 회로
✔ 내부 설계
는 전혀 다를 수 있어요

특히 저가형 케이블은
아이폰 기준을 충족하지 못하는 경우가 있어요

✔ 보호 회로 생략
✔ E-Marker 칩 미탑재
✔ 전압 안정화 설계 부족

이런 이유들로 인해
미세한 전압 흔들림이 발생할 수 있죠

하지만
아이폰은 이를 즉시 차단하지 않고
내부 충전 IC가 
반복적으로 보정하며 버팁니다

👉 “불안정 전압 유입 → 내부 보정 작동 반복 
→ 충전 IC 발열 누적 → 보호 레이어 약화”
과정으로 결국
✔ 충전 속도 저하
✔ 간헐적 인식 오류
✔ 충전 포트 손상
등의 결과를 초래하게 된답니다

📌
아이폰 충전
인증받은 케이블 사용을 추천드려요
(애플 정품이나 MFi 인증 케이블)",0,"02/17/2026 00:00",https://www.instagram.com/p/DU2f6fojevw/,"Instagram 슬라이드",,"전체 기간",242,8440,7,2,0,0,5
18307476451261318,17841450824863436,drr__official,"따르릉통신 | 최초의 휴대폰성지","우리 아이에게 필요한 건 키즈폰 vs 키즈워치?

처음엔 키즈워치로 고민하시죠
“연락만 되면 되지 않을까?”

위치도 확인되고
SOS 버튼도 있다 하고
부담 없이 선택하시는 분들도 많아요
하지만

키즈워치의 경우
스피커폰 통화가 된다 하더라도
주변 소음이 많고
작은 화면이라 기능이 제한적이고
아이가 금방 불편해하는 경우도 많죠

그래서 사용기간이 짧은 편입니다 😭

저희는 키즈폰을 권장해드려요
✔ 통화, 메시지 연락
✔ 학교나 학원 일정 관리
✔ 위치 확인
기능에 사용 시간, 유해 콘텐츠 차단까지
부모가 관리할 수 있기 때문이죠

키즈폰으로
아이들을 보다 안전하게 케어해보세요",0,"02/16/2026 01:00",https://www.instagram.com/p/DU0B9WZjZfZ/,"Instagram 슬라이드",,"전체 기간",1655,2867,6,3,1,0,2
18020584400801740,17841450824863436,drr__official,"따르릉통신 | 최초의 휴대폰성지","요즘 사람들이 말하는 잘 늙는 법 ‘롱제비티’

롱제비티는
수면, 뇌 건강, 일상 리듬까지 챙겨
건강하게 오래 사는 것을 말해요
그만큼 스마트폰을 어떻게 사용하느냐가 중요합니다!

스마트폰을 많이 쓰는 게 문제가 아니라
✔ 잠들기 직전까지 보는 습관
✔ 끊임없이 울리는 알림
✔ 의미 없는 스크롤
이런 사용이
수면과 집중력 등을 조금씩 깎아먹어요

💡 롱제비티처럼 스마트폰 쓰기
✔ 잠들기 전에는 멀리하고
✔ 알림은 꼭 필요한 것만 남기고
✔ 건강·일정 등은 잘 기록해서
삶을 관리하는 용도로 사용하는 것!

👉 스마트폰을 삶을 정리하는 도구로 쓰는 게 중요해요

몸과 일상의 리듬에 맞게 스마트폰을 사용한다면
여러분도 롱제비티처럼 멋지게 나이들 수 있어요",0,"02/16/2026 00:30",https://www.instagram.com/p/DUz-hJYDTgu/,"Instagram 슬라이드",,"전체 기간",945,2447,3,0,1,1,12
18096678388753330,17841450824863436,drr__official,"따르릉통신 | 최초의 휴대폰성지","직장인 업무 효율 UP 일잘러 앱 추천

1️⃣
할 일 관리 | Todoist
해야 할 일을 머릿속에만 두지 마세요

Todoist는
오늘 할 일, 이번 주 업무를 한눈에 정리하고
마감일·우선순위로 업무를 놓치지 않게 도와줘요

2️⃣
집중력 관리 | Forest
집중이 안 될 때는 환경부터 조성해 보세요

Forest는
집중해야 할 시간 동안 다른 앱 사용을 막아
일에 몰입할 수 있게 만들어줘요

3️⃣
시간 관리 | Toggl Track
바빠 죽겠는데 왜 일은 안 끝날까?

Toggl Track은
업무별 소요 시간을 기록해
시간이 새는 구간을 숫자로 보여줘요

💡
앱만 잘 써도
갓생 직장인 될 수 있어요",0,"02/16/2026 00:00",https://www.instagram.com/p/DUz7J3qj9iJ/,"Instagram 슬라이드",,"전체 기간",2732,1765,9,0,1,0,37
18170496331386767,17841450824863436,drr__official,"따르릉통신 | 최초의 휴대폰성지","아이폰 속 쓰레기, 자동으로 정리하는 법

1️⃣ 사용하지 않는 앱 자동 정리
설정 → 앱 → App Store → 사용하지 않는 앱 정리 활성화
✔️ 오래 안 쓴 앱 자동 삭제
✔️ 앱 데이터는 그대로 유지
필요할 때 다시 설치하면 복원돼요

2️⃣ 사파리 캐시 & 웹 데이터 정리
설정 → 앱 → Safari → 방문 기록 및 웹 사이트 데이터 지우기
✔️ 웹 캐시·쿠키 정리
✔️ 속도 저하 예방
단, 일부 로그인 정보는 삭제될 수 있어요

3️⃣ 메시지 속 사진 & 첨부파일 정리
설정 → 일반 → iPhone 저장 공간 → 메시
사진 / 비디오 / GIF 첨부파일만 골라서 삭제 가능
메시지는 그대로, 용량만 줄일 수 있어요

4️⃣ 사진 앱 ‘중복 항목’ 정리
※ iOS 16 이상
사진 앱 → 모음 → 기타 → 중복된 항목 병합 또는 삭제
✔️ 비슷한 사진 자동 분류
사진 정리를  한눈에 보고 정리할 수 있어요

💡
설정만 잘 이용해도
아이폰은 훨씬 가벼워져요",0,"02/15/2026 01:00",https://www.instagram.com/p/DUxdMZ3Dvqg/,"Instagram 슬라이드",,"전체 기간",1314,2811,13,3,6,0,30
18311464051249014,17841450824863436,drr__official,"따르릉통신 | 최초의 휴대폰성지","“아 뭐하려고 했지?”
자꾸 깜박이는 이유

휴대폰을 들고
무엇을 하려 했는지
잠깐 잊어버린다

메모를 하려 했다가
알림 하나에 생각이 끊기고
“아, 뭐 하려고 했지?”
하루에도 몇 번씩 되뇐다

생각을 붙잡고 있을
여유가 없다

머릿속엔
해야 할 일과
보고 싶은 것과
지금 안 보면 놓칠 것들이
겹겹이 쌓여 있다

손안의 화면은
너무 많은 걸
너무 빠르게 건네고

우리는 그걸
놓치지 않으려고
계속 깨어 있다

그래서 오히려 놓쳐버리고 만다

가끔은
잠깐 멈추고
정리할 시간이
필요한 건지도 모른다

화면을 닫고
숨을 고르고
생각이 따라올 때까지
조금만 기다려보는 것

잊어버린 게 많아진 하루는
망가진 하루가 아니라
너무 많은 걸
잘 살아낸 하루일지도 모른다

🙂
가끔은 잠시 멈추고, 정리해보는 시간을 가져보세요",0,"02/15/2026 00:30",https://www.instagram.com/p/DUxZuTIjdn7/,"Instagram 슬라이드",,"전체 기간",824,1619,7,0,3,0,8
17874697860416575,17841477491014654,drr_dunchon,"따르릉통신 둔촌동역점 | 휴대폰성지","진용진님도 믿고 방문해 주신 매장‼️
방문해주셔서 감사합니다❤️🙇‍♀️
.
.

#둔촌동 #둔촌동휴대폰 #따르릉통신 #핸드폰최저가 #성지매장",0,"02/14/2026 22:09",https://www.instagram.com/p/DUxIOUFka_r/,"Instagram 이미지",,"전체 기간",634,369,23,1,0,0,0
17875642809501355,17841450824863436,drr__official,"따르릉통신 | 최초의 휴대폰성지","가장 기억에 남는 고객 #2 명곡점 
약정 끝났는데도 요금 10만 원?
할아버지 도와드린 사연

“타 매장에서 구매하고, 2년 약정이 끝났는데
매달 요금이 10만 원 넘게 나와요”
한 할아버지께서 속상함을 털어놓으러 오셨어요

확인해 보니
데이터 사용량은 거의 없는데
불필요하게 비싼 요금제를 쓰시는데다
사용하지 않는 여러 개의 부가서비스가 남아있었어요

저렴한 휴대폰을 쓰시면서도
2년 동안 매달 10만 원가량을 납부하고 계셨죠

저희는 불필요한 부가서비스를
모두 해지해 드리고
가장 알맞은 요금제로 조정해드렸습니다

그 결과,
월 요금이 3만 원대로 줄어들었지요

저희 매장에서 구매하신 건 아니었지만
할아버지의 속상한 마음이 신경 쓰여
도와드린 거였어요

할아버지께서는 고맙다며
가족과 친척분들의 휴대폰 구매를
저희 쪽으로 이어주셨습니다

🌱
작은 마음이 씨앗이 되어
인연이 된다는 걸 깨달았던 경험이었습니다",0,"02/14/2026 00:30",https://www.instagram.com/p/DUu07Omjb39/,"Instagram 슬라이드",,"전체 기간",357,5219,7,0,0,0,2
18058664132361410,17841450824863436,drr__official,"따르릉통신 | 최초의 휴대폰성지","구형 아이폰, 업데이트로 수명 늘어났다

최근 애플이 구형 아이폰 전용
iOS 12.5.8 업데이트를 공개했어요

📲
이번 업데이트는
더 이상 OS 업그레이드가 되지 않는
iPhone 5s / 6 / 6 Plus
기기를 위한 것이죠
(iPad Air, iPad mini 2 / 3, iPod touch 6세대도 적용 가능)

다만, 새 기능이 추가된 건 아니에요
✔ iMessage
✔ FaceTime
✔ 기기 활성화
이런 핵심 서비스가 계속 작동될 수 있도록
인증서를 연장해 주는 업데이트랍니다

단, 이번 업데이트는
보안 패치를 위한 건 아니라는 점!

💡
보안을 위해서라면
보안 패치 업데이트가 되는
휴대폰을 쓰시는 게 좋아요

휴대폰을 오래 그리고 안전하게 쓰는 법,
따르릉통신이 함께 할게요",0,"02/13/2026 00:30",https://www.instagram.com/p/DUsQIhsiaRw/,"Instagram 슬라이드",,"전체 기간",449,11517,16,8,1,0,10
17851940367626993,17841450824863436,drr__official,"따르릉통신 | 최초의 휴대폰성지","폰이 느려졌다면?
1분 만에 끝내는 '램(RAM) 정리'

1️⃣ 안 쓰는 앱 닫기
지금 쓰지 않는 앱은 닫아주세요
👉 램은 ‘열려 있는 앱 수’에 직접 영향을 받음
전부 닫을 필요는 없고, 불필요한 앱만 정리해 주시면 돼요

+ 앱을 닫고 다시 여는 건 배터리 소모가 클 수도 있어요.
따라서 불필요한 앱만 정리하는 것이 좋아요 

2️⃣ 재시작
전원을 껐다가 다시 켜주세요
👉 가장 확실한 램 초기화 방법
캐시, 백그라운드 프로세스까지 리셋할 수 있어요

3️⃣ 위젯 줄이기
자주 안 보는 위젯은 삭제해 주세요
👉 위젯은 계속 램을 점유하는 범인
자주 안 보는 위젯을 삭제만 해줘도 빨라져요

4️⃣ 사진, 영상 정리하기
저장 공간이 부족하면 램 활용도가 떨어져요
👉 용량 정리=속도 정리
저장 공간을 확보해 주면 램 정리에 도움이 돼요

느려진 폰
1분만 투자하면 달라져요",0,"02/12/2026 00:30",https://www.instagram.com/p/DUprV4AjMXc/,"Instagram 슬라이드",,"전체 기간",1756,2025,11,0,3,1,15
17914659810290502,17841450824863436,drr__official,"따르릉통신 | 최초의 휴대폰성지","판매점과 대리점
이 두 곳이 어떻게 다른지,
어디에서 휴대폰을 사는 게 이득인지
헷갈리시는 분들이 많아 알려드리려고 해요

비슷해 보이지만 전혀 다르다는 사실!

✅  판매점이란?
여러 통신사 상품을 비교해 파는 매장
통신사와 직접 계약하지 않고
여러 통신사 상품을 취급하는 곳으로,
중간 유통점이라 생각하시면 돼요

👉 조건과 혜택을 비교해 볼 수 있고,
매장의 재량에 따라 할인율이 달라요

✅ 대리점이란?
통신사와 계약을 맺은 매장
3사 통신사 중 한 곳과 계약해서
한 통신사 상품만 취급해요

👉 통신사 기준 요금 및 정책을 기준으로 판매해요

무조건 저렴하게보다는
내 소비 스타일에 맞는,
신뢰 쌓인 곳을 찾는 게 중요하답니다 😄",0,"02/11/2026 00:30",https://www.instagram.com/p/DUnGjApAcpR/,"Instagram 슬라이드",,"전체 기간",1295,3428,5,0,4,0,6
18560132644017152,17841450824863436,drr__official,"따르릉통신 | 최초의 휴대폰성지","키즈폰은 스마트폰 축소판? NO!

자녀의 연락과 안전 기능에 집중하고
과도한 스마트폰 노출을 줄이기 위해
설계된 어린이용 휴대폰이랍니다

그렇다면
언제부터 키즈폰이 필요할까요?

💡
처음 사회생활을 시작하는 6~7세

유치원, 초등학교, 학원 등을 다니며
아이 혼자 이동하는 시간이 생기게 되죠
이때 필요한 건
✔️ 보호자와의 연락
✔️ 위치 확인
그래서 키즈폰이 필요하답니다

💡
초등학생 되면 키즈폰이 아닌
스마트폰이 필요할까?

혼자 있는 시간이 늘어나면서
스마트폰 콘텐츠에 노출되는 시간도 함께 늘어나요

하지만 이 시기의 스마트폰 사용은
정서, 건강, 수면에
영향을 줄 수 있는 만큼
여전히 키즈폰 사용이 권장돼요

💡
만약, 초등학생 아이에게
스마트폰을 사주고 싶다면?

✔️ 사용 시간
✔️ 이용 규칙
✔️ 볼 수 있는 콘텐츠
등을 관리해주시는 것이 중요해요

📱
우리 아이의 첫 휴대폰,
고민된다면 따르릉통신에서 함께 살펴보세요",0,"02/10/2026 00:30",https://www.instagram.com/p/DUkhwUBj6Ow/,"Instagram 슬라이드",,"전체 기간",703,4569,6,0,2,1,2
18034700999777570,17841450824863436,drr__official,"따르릉통신 | 최초의 휴대폰성지","갤럭시 S26 울트라,
사생활 보호 필름 필요 없다

누군가 우연히라도
내 폰을 보는 게 싫어서
사생활 보호 필름을 붙이는 경우도 많죠

그런데
이제는 스마트폰 자체에
‘사생활 보호 디스플레이’가 적용된다는 소식입니다

👀
최근 삼성전자가
화면 시야각을 줄여 주변 시선에서는
화면이 보이지 못하도록 하는
프라이버시 기술을 개발했어요

특정 앱에만 적용하거나
외부 시선 차단 정도도 자유롭게 조절 가능!

📱
사생활 보호 디스플레이 기술은
갤럭시 S26 울트라에 처음 적용될 예정이라고 해요

✔ 대중교통에서 화면 볼 때
✔ 카페에서 메신저·메일 볼 때
✔ 은행 앱으로 거래할 때
유용하게 쓰일 수 있겠죠?

💡
사생활 보호,
이제는 스마트폰이 직접 해주는 시대입니다

(참고) 
갤럭시 S26 일정
언팩  2/26(목) * 한국시간 새벽3시 
사전예약  2/27(금) ~ 3/5(목)
사전개통  3/6(금) ~ 3/11(수)
정식출시  3/11(수) 

사진 출처: Samsung Newsroom",0,"02/09/2026 01:00",https://www.instagram.com/p/DUiAbGREqt8/,"Instagram 슬라이드",,"전체 기간",661,3397,5,0,0,0,3
17876335185398168,17841450824863436,drr__official,"따르릉통신 | 최초의 휴대폰성지","Z세대가 요즘 쓰는 배경화면 위젯

요즘은 휴대폰을 사면 ‘위젯’부터 설치하는 게 기본이죠
그중에서도
Z세대 사이에서 인기를 모으는 건 1년 디데이 캘린더!

- 위젯: 앱을 열지 않아도 홈 잠금 화면에 ‘시간, 날짜, 디데이’ 등을 바로 보여주는 기능

📱
1년 치 일정을 한 번에 배경화면에서 Check!
일정, 습관, 일 년 진행 상황 등을
홈 잠금 화면에서 바로 확인할 수 있도록
해주는 ‘위젯’이 요즘 트렌드예요

직관적으로 올해 남은 일수를 
표시해 주는 캘린더 앱으로
남은 시간을 배경화면에 띄워 
시간을 관리하고
일정을 습관화시키는 거죠

번거롭게 기록하지 않고
매일 자연스럽게 볼 수 있어서 
편리하다는 후기가 많아요

지금을 잘 살아가고 있는지
스마트폰을 통해 바로 확인하는 ‘위젯 라이프’

여러분도 한 번 시작해 보세요 🙂",0,"02/09/2026 00:30",https://www.instagram.com/p/DUh889QDPZJ/,"Instagram 슬라이드",,"전체 기간",2536,6017,8,4,1,1,15
18277345966305090,17841450824863436,drr__official,"따르릉통신 | 최초의 휴대폰성지","아침에 눈 뜨자마자
잠들기 직전까지
손에서 가장 오래 머무는 것

우리는 생각보다
자주 휴대폰을 만져요
필요해서기도 하고
습관이기도 하고
그냥 손이 가서이기도 하고

그래서인지
휴대폰의 상태가
하루의 컨디션처럼 느껴질 때가 있어요
느려지면
하루도 같이 느려진 것 같고요

고장은 아닌데
괜히 불편한 느낌
작은 불편이 쌓이면
사용하는 사람도
조금씩 피로해져요

손에 쥐는 물건이
하루를 만들기도 해요
조금 불편하다면
한 번쯤 잘 들여다봐주세요",0,"02/07/2026 01:00",https://www.instagram.com/p/DUc20dUAEmq/,"Instagram 슬라이드",,"전체 기간",1330,1212,9,0,0,0,10
18047671913495464,17841450824863436,drr__official,"따르릉통신 | 최초의 휴대폰성지","매일 출퇴근 찍으시던 어르신, 알고 보니…
가장 기억에 남는 고객 #1 반월당점

휴대폰이 잘 안돼서 매장을 찾으셨던 
나이 지긋한 어르신 한 분이 계셨습니다

혼자 지내시다 보니
스마트폰 사용을 배우기도 어려워서
상태가 좋지 않은 옛날 휴대폰을
계속 쓰고 계셨습니다

“사용법을 알려드릴테니 휴대폰 바꾸시고
궁금한 거 있으시면 언제든 오세요”

이후 어르신은
출퇴근 도장 찍듯이 매일 매장에 들르셨습니다
그때마다 친절히 잘 알려드렸고,
시간이 지나니 어르신도
제법 스마트폰을 잘 사용하시게 됐습니다

하지만 그 후로 방문이 뜸해졌고,
오실 때마다 표정이 불편해 보이셨어요

알고 보니
올 이유가 없어서 일부러 궁금한 걸
만들어 오셨던 거였습니다

“그냥 오세요, 커피도 마시고 쉬었다 가셔도 돼요”
그 뒤로 어르신은 편하게 쉬다 가셨습니다

명절이 되자
자녀분들 모두와 함께 방문하셨어요

“어머니가 꼭 여기서 바꾸라고 하셔서
명절 때까지 기다리고 있었어요
어머니에게 잘해주셔서 감사해요”

아무 기대 없이 건넨 친절이
가장 진한 신뢰로 돌아왔던 순간이었습니다",0,"02/07/2026 00:30",https://www.instagram.com/p/DUczXTticZO/,"Instagram 슬라이드",,"전체 기간",282,7030,7,0,0,0,3
18059326613663658,17841450824863436,drr__official,"따르릉통신 | 최초의 휴대폰성지","휴대폰 배터리 100% 충전
수명이 줄어든다고?

스마트폰에 쓰는 리튬-이온 배터리는
충전·방전을 반복하며 자연스럽게 성능이 줄어들어요

그런데, 이걸 가속화하는 게 바로 
100% 풀 충전 유지입니다

100% 상태는
배터리에 전압 부담이 큰 구간!
이 상태가 오래 지속되면
화학적 스트레스가 쌓일 수 있어요

열이 더해지면
수명은 더 빨리 줄어요
고온 + 완충 = 배터리 노화 가속

✔️ 충전 중 사용
✔️ 베개·이불 위 충전
✔️ 발열이 심한 환경
→ 배터리에는 좋지 않은 조건

배터리가 가장 편한 구간은
20% ~ 80%
이 범위를 유지하면 배터리 부담이 적어져요!",0,"02/06/2026 00:30",https://www.instagram.com/p/DUaOk1kkalo/,"Instagram 슬라이드",,"전체 기간",392,8654,10,8,1,0,10
18391616830150524,17841450824863436,drr__official,"따르릉통신 | 최초의 휴대폰성지","데이터로밍 vs 유심 vs e-SIM
해외 데이터, 뭘 골라야 할까?

♦️ 데이터로밍
내 통신사 번호 그대로
해외에서 데이터를 쓸 수 있어요

장점
✔ 한국 번호로 SMS & 전화 수신 가능
✔ 별도 SIM 교체 불필요

단점
✖ 비용이 비쌀 수 있음
✖ 국가마다 데이터 품질 & 속도가 들쭉날쭉할 수 있음

♦️USIM
현지 통신사 실물 SIM 카드를 구매하고
스마트폰에 삽입해 사용해요

장점
✔ 현지 통신 요금제 사용 → 비용 절감 효과 큼
✔ 현지 번호 제공 → 현지 통화 & 문자 자유롭게 가능

단점
✖ SIM 교체 필요 → 분실 & 손상 위험
✖ 고정된 SIM이라 여러 국가 이동 시 여러 장 필요

♦️ e-SIM
스마트폰 안에 내장된 디지털 SIM으로
QR이나 앱으로 네트워크에 연결해요

장점
✔ 실제 SIM 교체 불필요 → 설치만 하면 바로 연결
✔ 여러 요금제 & 국가 프로필 저장 가능
✔ 분실 위험 없음, 보안성 ↑

단점
✖ 구형폰은 지원되지 않을 수 있음
✖ 기기 변경 or 수리 시 까다로울 수 있음

✈️
해외 데이터, 정답은 없어요
여러분에게 맞는 방법을 골라보세요!",0,"02/05/2026 00:30",https://www.instagram.com/p/DUXpxfUDTa0/,"Instagram 슬라이드",,"전체 기간",820,3601,8,1,2,0,11
17862166083591616,17841450824863436,drr__official,"따르릉통신 | 최초의 휴대폰성지","연초에 한 번만 해두면
1년 편해지는 스마트폰 설정

🔶 데이터 백업
데이터는 미리미리 저장!
사진·연락처·앱 데이터 자동 백업만 켜두면
기기를 바꾸게 되더라도 데이터 이동이 수월해요
- iPhone: iCloud 백업
- Android: Google 백업
 (충전 + Wi-Fi 시 자동)
 

🔶 분실 대비 설정
휴대폰이 없어져도 찾을 수 있게
위치 확인 · 원격 잠금 · 초기화 가능
- iPhone: ‘나의 찾기’ + ‘오프라인 추적’ 켜기
- Android: ‘내 기기 찾기’

🔶 앱 권한 정리
필요할 때만 접근하도록 설정
위치 · 카메라 · 마이크
- ‘앱 사용 중에만 허용’으로 변경
- 안 쓰는 앱 권한은 OFF
개인정보를 지키는 건 물론 배터리도 아낄 수 있어요

🔶 알림 정리
모든 알림이 다 급한 건 아니니까
- 중요한 앱만 알림 ON
- 나머지는 요약·무음 처리
하루가 훨씬 조용해져요

🔶 자동 업데이트
미루다 놓치기 쉬운 업데이트
자동 설정이 가장 안전합니다
- 운영체제 · 앱 자동 업데이트 ON
보안도, 안정성도 함께 챙겨요

📱
한 번 제대로 설정해두면
1년 동안 편해져요",0,"02/04/2026 00:30",https://www.instagram.com/p/DUVE_ckj2M_/,"Instagram 슬라이드",,"전체 기간",1020,2942,11,3,2,0,13
17882271900448729,17841450824863436,drr__official,"따르릉통신 | 최초의 휴대폰성지","기기 바꾸기 전, 카톡 대화 백업하셨나요? 📲
카카오톡 대화는 자동으로 옮겨지지 않습니다
백업은 카카오톡 안에서만 가능해요!

✅ 카톡 대화 백업 방법
설정 → 채팅 → 대화 백업 백업 → 비밀번호 설정
이때 텍스트 대화만 백업됩니다
사진·영상은 포함되지 않아요!

이후 새 휴대폰에서 로그인하면
‘대화 복원’ 화면이 나오고, 백업할 때 설정한 비밀번호를 입력하면 끝

백업 데이터는
일정 기간 이후 자동 삭제되니 꼭 복원 기한을 체크하세요

기기 변경 전,
카톡 대화 꼭 미리 챙겨두세요!",29,"02/03/2026 00:31",https://www.instagram.com/reel/DUSgTMLAfYl/,"Instagram 릴스",,"전체 기간",2541,1990,13,0,0,0,14
18152663752446769,17841450824863436,drr__official,"따르릉통신 | 최초의 휴대폰성지","아이폰도 폴더형으로?
아이폰 폴드 루머 정리 

애플이 아직 공식 발표를 하지 않았지만,
2026년 가을 즈음 아이폰 18과 함께
아이폰 폴드가 출시될 예정이라고 해요

책처럼 여는 폴더블 구조로
✔ 펼치면 약 7.8인치
✔ 접으면 약 5.4인치

태블릿과 스마트폰 사이 정도의
사이즈가 될 전망이라고 해요

✅차세대 A20 계열 칩
✅RAM 12GB 전망
✅대용량 배터리 (애플 역대 최대 용량 수준)
로 나온다고 해서 더욱 관심을 받고 있죠

게다가, Face ID 대신
측면 Touch ID가 탑재되고
접히는 부분의 주름을 줄이기 위한
새 힌지 기술도 개발 중이라는 이야기가 있답니다

💡
만약 나온다면
아이폰의 혁신이라고도 볼 수 있겠죠?

사진 출처:
www.foldable.news concept by roy gilsing design",0,"02/02/2026 01:00",https://www.instagram.com/p/DUP-2KgiNJB/,"Instagram 슬라이드",,"전체 기간",277,10888,4,8,1,0,3
17964163100882511,17841450824863436,drr__official,"따르릉통신 | 최초의 휴대폰성지","나 혹시 디지털 중독? 📱
'흑백 모드' 디톡스가 필요할 때입니다

✔️ 화려한 색은 뇌의 '슬롯머신'
화려한 색상은 뇌에 도파민을 분출시킨다고 해요

✔️ 채도를 빼면 유혹도 DOWN
반대로 시각적 채도를 낮추면 충동적인 행동, 정보의 매력도를 떨어뜨리게 한다고 해요

그래서 흑백 모드로 해두면 스마트폰을 ‘단순한 필요 도구’로 인식하게 해주죠

👀 
눈이 쉬면 뇌도 잘 쉬게 돼요
디지털 디톡스를 하고 싶다면? 
일주일 만이라도 스마트폰을 흑백 모드로 바꿔보세요

건강한 디지털 생활이
건강한 일상을 만듭니다 😀",0,"02/02/2026 00:30",https://www.instagram.com/p/DUP7Y05D73p/,"Instagram 슬라이드",,"전체 기간",392,9689,6,10,1,0,13
18092469359053104,17841450824863436,drr__official,"따르릉통신 | 최초의 휴대폰성지","고장은 아닌데
뒤처지는 느낌

고장이 난 것 같지는 않은데
예전과 같지 않은 마음

버벅대지는 않지만
괜히 한 박자 느린,

불편은
갑자기 찾아오지 않는다

조금씩
천천히
물들이듯
그래서 지나치기 쉽다

예전처럼
편리하지 않은 마음,
불편함이 익숙해지면서
무뎌지는 가운데

왜인지
뒤처지는 기분이 들었다면
지금이
바로 변화가 필요할 때

🙂
여러분의 스마트폰도
변화가 필요할 때가 아닌가요?",0,"01/31/2026 00:30",https://www.instagram.com/p/DUKxzHjj8jY/,"Instagram 슬라이드",,"전체 기간",1670,2328,9,1,1,0,10
18094370368765830,17841450824863436,drr__official,"따르릉통신 | 최초의 휴대폰성지","✅ 매장지원금
= 판매점이 고객에게 주는 추가 혜택

매장지원금은 통신사에서 주는
공식 지원금(공시지원금/공통지원금)과는 별개로,
판매점이 자체적으로 제공하는  추가 할인 혜택이에요
그렇다면,
매장지원금은 어떻게 줄 수 있는 걸까요?

그건 2014년 도입된 단말기유통구조개선법(일명 ‘단통법’)이
2025년 폐지된 것과 관련이 있어요
단통법 폐지로 매장마다 자유롭게 지원금을 책정할 수 있게 되고,
매장 자체 전략에 따라 지원금을 다르게 제공할 수 있게 됐죠

매장마다 지원금 액수가 다른 이유는?
👉 판매점이 자유롭게 추가 지원금을 적용하기 때문

예를 들면
✅ A 매장은 기본 지원금 + 50만원 매장지원금
✅ B 매장은 기본 지원금만 제공
→ 구매가가 달라지는 것!

통신사 지원금 + 판매점 매장지원금
두 가지를 확인해야만 최종 가격 비교가 정확해져요

휴대폰 구매,
조금만 더 알아보면 가격이 달라져요!",0,"01/30/2026 00:30",https://www.instagram.com/p/DUINAr_D2ii/,"Instagram 슬라이드",,"전체 기간",1116,2392,5,2,4,0,6
18556715530042047,17841450824863436,drr__official,"따르릉통신 | 최초의 휴대폰성지","아이폰 화면 상단에 뜨는 작은 점을 통해
해킹 판단이 가능하다는 말, 들어보셨나요?

🟠🟢
이 점은 사실
Apple이 일부러 만든 보안 표시랍니다

🟠 : 마이크 작동 중
🟢 : 카메라 작동 중

하지만 앱을 안 켰는데 점이 뜬다면?
1️⃣ 화면을 아래로 쓸어
2️⃣ 제어센터 열기
3️⃣ 최근 사용한 앱 이름 확인

대부분은
SNS, 카메라, 통화, 음성 기능 때문에 뜨지만
⚠️ 모르는 앱이 표시될 때
⚠️ Apple ID 로그인 알림 반복
⚠️ 설정에 낯선 ‘기기 관리’ 있음
👉 보안 점검 필요

보안 설정, 제대로 알고 쓰면 더 안전해요",0,"01/29/2026 00:30",https://www.instagram.com/p/DUFoNuSgaxW/,"Instagram 슬라이드",,"전체 기간",256,16790,28,22,1,1,33
18083265520960843,17841450824863436,drr__official,"따르릉통신 | 최초의 휴대폰성지","“휴대폰 데이터 옮기면 카톡도 같이 옮겨지는 거 아닌가요?”
실제로는
✔ 연락처 ✔ 사진·영상만 옮겨지고
카카오톡 ‘대화 내용’은 옮겨지지 않습니다

그건 바로
👉 카카오톡 대화는 일반 데이터 이전 대상이 아니기 때문입니다

카카오톡 대화에는
✔️ 개인 메시지
✔️ 사진, 계좌 정보, 인증 내용
✔️ 민감한 대화 기록
등이 담겨 있죠

그래서 카카오는
👉 외부 백업을 제한하고
👉 앱 안에서만 백업/복원하도록 설계
해둔 거예요

카톡 대화는 앱 내부에서
암호화된 전용 데이터 형태로 저장되기 때문에
사용자가 직접 백업하지 않으면
대화 기록이 서버에 남지 않아요

카톡 대화기록을 그대로 복원해야 할 땐
기기 변경 전 ‘백업’이 필수입니다!",0,"01/28/2026 00:30",https://www.instagram.com/p/DUDDaj8jAjV/,"Instagram 슬라이드",,"전체 기간",983,6939,11,0,5,0,13
17879434050462526,17841450824863436,drr__official,"따르릉통신 | 최초의 휴대폰성지","2026년 휴대폰 신조어 예측

손안루틴
= 눈 뜨자마자 알림 확인하고 잠들기 전까지 폰을 놓지 않는 습관
❕“당신의 하루는 혹시 손안루틴으로 시작되나요?”

폰심동체
= 휴대폰 기종이나 케이스 취향이 딱 맞는 사람
📱""너랑 나랑 완전 폰심동체인데? 케이스까지 같아!""

스크롤 멍
= 숏폼 등을 의미 없이 넘겨보며, 멍하게 있는 상태
😮 ""어제 퇴근하고 2시간 동안 스크롤 멍 때렸네""

알림체증
= 알림으로 인해 피로가 체끼처럼 쌓인 상태
🤯 “알림체증 때문에 스트레스 받는 중”

폰-지기
= 휴대폰이 내 모든 스케줄과
건강을 관리해 주는 든든한 조력자라는 의미
🤳 “폰-지기 덕에 하루하루가 편리해”

여러분이 잘 쓰는
휴대폰 용어가 또 있나요?",0,"01/27/2026 00:30",https://www.instagram.com/p/DUAepRJj9J7/,"Instagram 슬라이드",,"전체 기간",555,3913,5,1,2,0,5
18053384699447787,17841450824863436,drr__official,"따르릉통신 | 최초의 휴대폰성지","삼성전자가 넷플릭스 인기 시리즈 ‘기묘한 이야기’와 협업해
👉 갤럭시 전용 테마를 무료로 공개했어요.
(~2/22까지)

🖼️ 스페셜 테마 1종
🖼️ 배경화면 5종
🖼️ 잠금 화면 · 아이콘 · UI 전반 변경 가능

다운로드 방법
갤럭시 스토어(Galaxy Store) 실행
→ 검색창 또는 프로모션 배너에서 ‘기묘한 이야기’ 테마 선택
- 넷플릭스 앱이 설치되어 있지 않다면 넷플릭스 앱 설치 후 실행 필요
- 테마 적용 시 스마트폰 전체 UI가 ‘기묘한 이야기’ 분위기로 변경됨

✔ Galaxy Store에서 무료 다운로드
✔ 전 세계 186개국 갤럭시 사용자 대상
✔ 일부 테마는 최신 OS에서 적용 가능
(기종 · OS에 따라 적용 범위는 달라질 수 있어요)
👉 ‘기묘한 이야기’ 팬이라면 놓치지 마세요

바탕화면만 바꿔도
휴대폰이 새로워져요",0,"01/26/2026 01:00",https://www.instagram.com/p/DT99UBfiJ-C/,"Instagram 슬라이드",,"전체 기간",3653,9384,75,81,2,5,26
17881735860353114,17841450824863436,drr__official,"따르릉통신 | 최초의 휴대폰성지","“시리야, 오늘 일정 좀 정리해줘”
애플 인텔리전스의 핵심 두뇌로 구글 AI '제미나이'가
탑재된다는 소식이 공식 발표됐어요

💡 무엇이 달라질까?
아이폰 인텔리전스 활용 시
✅ 긴 웹사이트 내용도 핵심만 콕콕
✅ 여러 단계의 질문도 한 번에
✅ 앱 간 동작도 더 정교하게
(ex. 메시지 내용을 기반으로 캘린더 일정 등록)
수행할 수 있게 됐어요

💡 보안은 철저하게
제미나이 도입 후에도 데이터 처리가 
기기 내부 또는 애플의 안전한 클라우드에서만 이루어지기 때문에 
개인정보 보호도 걱정 없어요
- 2026년 iOS 26.4 버전부터 순차 적용 예정

애플과 구글의 콜라보!
가장 기대되는 변화는 무엇인가요?",0,"01/26/2026 00:30",https://www.instagram.com/p/DT95076DNUd/,"Instagram 슬라이드",,"전체 기간",551,6842,7,1,1,0,4
17959286513903413,17841450824863436,drr__official,"따르릉통신 | 최초의 휴대폰성지","우리의 시작은
이미 손에 쥐어져 있다

새해가 오면
사람들은 달라지길 기대한다
새로운 계획
새로운 다짐
새로운 마음으로

하지만 하루를 돌아보면
여전히 쥐고 있는 건
스마트폰이다
아침 알람부터
잠들기 전 화면까지

그래서 생각했다
새해를 맞이한다는 건
완전히 달라지는 게 아니라
매일 함께하는 것들을
조금 더 잘 들여다보는 일일지도 모른다고

배터리는 괜찮은지
필요한 앱은 무엇인지
쓸모 있게 쓰고 있는지

새로운 해를 준비한다는 건
가장 자주 쓰는 것을
조금 더 잘 쓰기 위해
잠시 들여다보는 일이다

🙂
여러분의 스마트폰도
올해를 함께할 준비가 되어 있나요?",0,"01/25/2026 00:30",https://www.instagram.com/p/DT7VB7Oierr/,"Instagram 슬라이드",,"전체 기간",1595,1341,5,0,1,0,8
18036775445536651,17841450824863436,drr__official,"따르릉통신 | 최초의 휴대폰성지","지금 내 스마트폰 사용, 괜찮은 걸까?
📵 폰 의존 테스트로 살펴보세요!

최근 3개월 기준으로 문항을 읽고
가장 가까운 답을 골라 점수를 매겨주세요.
- 전혀 아니다 (1점) / 아니다 (2점) / 보통이다 (3점) /
그렇다 (4점) / 매우 그렇다 (5점)

1. 스마트폰을 사용하지 못하면 괜히 불안해진다
2. 생각보다 오래 사용해 해야 할 일을 미룬 적이 있다
3. 자기 전 스마트폰 사용으로 잠드는 시간이 늦어진다
4. 주변에서 “스마트폰 좀 그만 보라”는 말을 들은 적이 있다
5. 스마트폰이 없으면 혼자 있는 시간이 더 불편하게 느껴진다
6. 스마트폰 사용 때문에 집중력이 떨어진다고 느낀다
7. 특별한 이유 없이 무의식적으로 스마트폰을 확인한다
8. 사용 시간을 스스로 조절하기 어렵다
9. 줄이려고 해도 금방 다시 예전처럼 사용하게 된다

총점 (9문항 / 45점 만점)
- 9~18점 👉 비교적 안정적인 사용
- 19~27점 👉 사용 빈도 높은 편 (관리 필요)
- 28~36점 👉 스마트폰 의존 경향 있음
- 37점 이상 👉 과의존 위험군

📌
본 테스트는
의학적 진단이 아닌 자가 점검용입니다
참고만 해주세요
※ 스마트폰 과의존 SAS-SV 연구를 기준으로 일반인이 이해하기 쉽도록 재구성

스마트폰, 잠시 내려두고
일상을 한 번 들여다보세요",0,"01/24/2026 00:30",https://www.instagram.com/p/DT4wPeJAYMV/,"Instagram 슬라이드",,"전체 기간",1094,5345,7,0,1,0,6
17872114182512500,17841450824863436,drr__official,"따르릉통신 | 최초의 휴대폰성지","휴대폰 발열, 고장나고 있다는 신호일까요?
발열된다고 해서 무조건 문제가 있는 건 아니에요!

✔️ 고속·무선 충전 중
✔️ 충전하면서 게임/고사양 앱 동시에 실행
✔️ 영상 스트리밍·카메라·GPS처럼 칩 사용량이 큰 기능 사용
이럴 때 발열이 일어나는 건 정상적인 상황이랍니다

단, 너무 뜨거워지는 경우
안전을 위해 일부 기능이 일시 제한될 수 있어요
▶️ 화면이 어두워지거나
▶️ 기능이 잠깐 멈추거나
▶️ 일시적으로 사용이 제한
이건 고장이라기보다는 보호장치에 가까워요

만약 너무 뜨겁다고 여겨진다면?
1. 충전 케이블(또는 무선 충전) 분리
2. 실행 중 앱 전부 종료 / 재부팅
3. 케이스 잠깐 빼기(열이 갇힐 수 있어요)
4. 밝기 낮추기 / 백그라운드 기능 줄이기(GPS·블루투스 등)
5. 서늘한 곳에 두고 잠시 사용 중단
이 순서대로 식혀보세요

다만, 이런 발열이라면 점검해 봐야 해요
♦️ 아무것도 안 했는데도 계속 뜨거운 경우
♦️ 과열 경고/충전 중단이 반복되는 경우
♦️ 손에 들기 힘들 정도로 뜨겁고, 식혀도 금방 재발
♦️ 연기·탄 냄새 같은 이상 징후

내 휴대폰의 위험 신호
잘 모르겠다면?
따르릉통신에서 점검해 보세요!",0,"01/23/2026 00:30",https://www.instagram.com/p/DT2Lb7dDKXg/,"Instagram 슬라이드",,"전체 기간",659,9192,15,4,0,1,16
18092345704978242,17841450824863436,drr__official,"따르릉통신 | 최초의 휴대폰성지","신입생이 꼭 챙겨야 할 폰꾸 아이템 추천
신입생 폰꾸, 예쁘기만 하면 부족해요!
‘잃어버리지 않게’
‘헷갈리지 않게’
‘덜 피곤하게’
진짜 필요한 폰꾸템을 추천해 드릴게요

① 손목 스트랩 / 크로스 스트랩
OT, 강의실 이동, 축제…
👉 신입생은 폰 떨어뜨릴 확률 최고
- 가방에 넣었다 꺼낼 필요 없음
- 이동 중에도 안정감
- 분실 사고 확 줄어듦

② 카드 수납 케이스
신입생 필수템 = 학생증
✔ 출결
✔ 도서관
✔ 건물 출입
- 지갑 따로 들고 다니면 잃어버리기 쉬움
- 폰 = 학생증 = 한 세트

③ 시간표 · 캘린더 위젯 폰꾸
👉 신입생 시간표는 항상 변하니까
- 홈 화면에 시간표 고정
- 과목별 색상 구분
- 오늘 수업만 한눈에
📱 TimeTable 앱을 추천해요
홈 화면에 위젯을 깔아놓고 사용하면
직관적으로 오늘 뭐 할지를 볼 수 있어요!

대학 생활의 설렘 가득한 시작,
휴대폰에서부터 차근차근 챙겨 보세요!",0,"01/22/2026 00:36",https://www.instagram.com/p/DTznVPEkn_g/,"Instagram 슬라이드",,"전체 기간",2054,2138,5,0,1,0,8
17893191288399565,17841450824863436,drr__official,"따르릉통신 | 최초의 휴대폰성지","운이 막힐 때, 휴대폰부터 바꿔보세요
미신이지만 마음 안심을 위한 ‘개운법’
휴대폰 루틴으로 실천할 수 있어요

잠금화면 개운법
하루에 가장 많이 보는 화면을 바꿔보세요
❌ 깨진 화면
❌ 어두운 골목, 복잡한 글자
⭕ 하늘 · 물결 · 길 · 수평선
⭕ 막힘없는 이미지 추천
👉 답답해 보이는 건 운을 막고, 트여 보이는 건 흐름을 열어요

알람 개운법
하루의 첫 신호 ‘알람’ 문장을 바꿔보세요
❌ “출근”
⭕ “오늘 무사히 시작”
⭕ “오늘도 활기차게”
👉 이름 붙이기 = 의미 부여 = 방향 설정
🔔 알람음은 물소리 · 잔잔한 종소리를 추천해요
너무 강한 소리는 ‘기운을 깬다’고 여겨지기도 하거든요

사진·연락처 정리 개운법
남아있는 ‘기운’을 정리해 보세요
✔ 볼 때마다 기분 가라앉는 사진 → 숨김
✔ 끝난 인연 연락처 → 이름 바꾸기
👉 연결을 끊기보다 ‘의미를 정리’하는 게 중요해요
개운은 ‘기운을 끊는 게 아니라 잠시 뒤로 물리는 행위’랍니다
오히려 강제로 차단하거나 삭제하는 건 에너지 소비가 커요

개운법은
하루의 흐름을 정돈하는 의식이에요
📱 휴대폰부터 가볍게 바꿔 보세요",0,"01/21/2026 00:30",https://www.instagram.com/p/DTxB2Vwkfqy/,"Instagram 슬라이드",,"전체 기간",655,5791,13,3,2,0,23
18071023721128923,17841450824863436,drr__official,"따르릉통신 | 최초의 휴대폰성지","스마트폰에도 ‘성향 궁합’이 있어요

J형 = 정리형 (Judging)
✔ 정리·계획·구조를 좋아함
✔ 사용 패턴이 체계적이고 일정함
✔ ‘정돈된 상태’를 선호함

→ 이런 사람에게 어울리는 폰은?
📌 깔끔함 · 안정성 · 일관성 높은 브랜드
👉  Apple iPhone 추천
✔ iOS는 전체 시스템이 통일되고 일관된 UX 제공
✔ 업데이트·보안·설정이 통합돼 있어 정리형 사용자에게 편함

P형 = 즉흥형 (Perceiving)
✔ 자유로운 사용·유연함 선호
✔ 앱·설정 변화 즐김
✔ 탐색·새로운 경험에 열려있음

→ 이런 사람에게 어울리는 폰은?
📌 개성·커스터마이즈·확장성이 큰 브랜드
👉 📱 Samsung Galaxy (Android) 추천
✔ 다양한 기능·테마·커스터마이즈 옵션 풍부

iPhone vs Android 사용자 성향 연구에 따르면,
✔ iPhone 사용자: 감정적으로 기기 선택, 상태·일관성 중시
✔ Android 사용자: 다양한 제품·환경에서 자유로운 선택 선호
한다고 해요

여러분의 스마트폰은 현재
J형인가요, P형인가요?",0,"01/20/2026 00:30",https://www.instagram.com/p/DTudEYIAkSu/,"Instagram 슬라이드",,"전체 기간",612,5828,4,4,1,2,5
17878239690464723,17841450824863436,drr__official,"따르릉통신 | 최초의 휴대폰성지","✅ 속도제어(QoS)란?
속도제어(Quality of Service)는
통신사가 망 품질을 일정하게 유지하기 위해
사용자별로 데이터 속도를 조절하는 기술이에요.

400kbps 체감
기본 사용만 가능한 속도
✔ 카카오톡·문자
✔ 검색, 지도 확인
✔ 간단한 웹페이지 서핑
❌ 영상 시청
❌ 사진·파일 업로드

1Mbps 체감
일상 사용은 가능한 속도
✔ 메시지·웹서핑
✔ 음악 스트리밍
✔ 저화질 영상(짧게)
❌ 720p 이상 화질 영상
❌ 대용량 다운로드

3Mbps 체감
불편함이 크게 줄어드는 속도
✔ 유튜브 시청(저~중화질)
✔ SNS 사용
✔ 전반적인 앱 사용
❌1080p 이상 고화질 영상 시청은 제한적

👉 무제한 요금제의 핵심은
데이터 양이 아니라 속도!
내 사용 패턴에 맞는 속도제어 조건을 확인해 보세요",0,"01/19/2026 00:30",https://www.instagram.com/p/DTr4QrBj10y/,"Instagram 슬라이드",,"전체 기간",639,9656,9,1,0,0,13
18109072576632982,17841450824863436,drr__official,"따르릉통신 | 최초의 휴대폰성지","폰을 바꾸면
인생도 새로고침될 것 같을 때가 있다

새 폰을 켜는 순간
왠지 모든 게 정돈될 것 같은 기분
나 자신도 조금은 새사람이 된 것처럼

하지만 며칠 지나면
알람은 여전히 같은 시간에 울리고
출근길 풍경도, 미뤄둔 일도
그대로다

그럼에도 우리는 또 폰을 바꾼다
달라질 수 있다는 기분을
잠깐이라도 느낀다는 건
새로운 바람을 일으키니까

새 폰이 인생을 바꾸지는 않지만
지금의 나를 한 번 더 들여다보게 한다

휴대폰을 바꾼다는 건
다시 시작해 보겠다는 마음일지도 모른다

“다시 시작해 보겠다는 마음을 따르릉통신이 응원합니다”
😄",0,"01/17/2026 00:30",https://www.instagram.com/p/DTmuq5ADCk5/,"Instagram 슬라이드",,"전체 기간",897,3126,6,0,1,1,9
18077596109343098,17841450824863436,drr__official,"따르릉통신 | 최초의 휴대폰성지","휴대폰 바꾸기 전
데이터 사전 이동은 본인이 꼭 챙겨야 합니다
가장 먼저 백업 상태부터 확인해 보세요
✔️ 클라우드 또는 PC ✔️ 메모, 파일 등 앱 별 백업

📱 같은 기종끼리 이동
✅ 안드로이드
- 와이파이 or 케이블 연결
- 구글 / 제조사 전용 전송 기능 사용
- 연락처·사진·앱 설정 이동 가능
✔️ 구글 계정 로그인 & 백업 여부 필수

✅ 아이폰
- 새 아이폰 전원 켜면 자동 전송 안내
- 가까이 두고 무선으로 데이터 이동
- 사진·앱·설정까지 한 번에 이전
✔️ iCloud 로그인 & 저장 공간 확인 필수

📱 다른 기종끼리 이동
✅ Android → iPhone
- move to iOS 앱 or 케이블로 연락처·사진 이동
- 일부 앱 데이터 제한

✅ iPhone → Android
- Samsung Smart Switch mobile앱 사용

⚠️ 카톡·OTP·인증 앱은 별도 백업 필요

데이터 사전 이동, 그래도 불안하다면?
따르릉 통신과 함께 해보세요",0,"01/16/2026 00:30",https://www.instagram.com/p/DTkJ3zZjcc1/,"Instagram 슬라이드",,"전체 기간",790,5505,3,0,3,0,14
18082999469272661,17841450824863436,drr__official,"따르릉통신 | 최초의 휴대폰성지","데이터 무제한 요금제를 쓰는데도
속도가 느리다고 하시는 분들이 간혹 계십니다.
그런데 사실
‘무제한’ 단어에 함정이 있어요! 🧐
‘무제한’은 데이터 사용량 제한이 없다는 뜻!
속도까지 항상 빠르다는 의미는 아니에요 🙄

같은 무제한 요금제라도
✔️ 이용 시간
✔️ 주변 사용자 수
✔️ 위치 환경
에 따라 속도는 달라질 수 있어요

또한, 무제한 요금제 속 
‘속도제어(QoS)'도 살펴보셔야 해요
ex. 월 10GB + 데이터 소진 시 400kbps 속도로 무제한
데이터는 무제한으로 쓸 수 있지만 
일정량을 모두 사용한 후에는
느린 속도로 데이터를 사용하게 된답니다
무제한 요금제라 하더라도

요금제에 따라 체감 속도가 달라지기에
나에게 맞는 무제한 요금제 
조건을 찾는 것이 중요합니다 😄",0,"01/15/2026 01:00",https://www.instagram.com/p/DThohpaDRu0/,"Instagram 슬라이드",,"전체 기간",1689,2904,5,0,2,0,8
17915401134257203,17841450824863436,drr__official,"따르릉통신 | 최초의 휴대폰성지","잠들기 전, 스마트폰을 보는 건
어쩌면 일상의 건강을 해치는 
최악의 습관일 수 있어요

📱숙면 방해
스마트폰 화면의 ‘블루라이트’ 빛이
뇌에게 “아직 낮이야”라고 속삭인다는 사실!
수면장애가 올 수도 있어요

😔 우울증 발생
스마트폰을 보다 늦게 잠들면
우울 수준이 약 25% 불안 수준이 
약 14% 이상 높아질 수 있다고 해요
- 성신여대 연구 결과 참조

💭 뇌 기능 저하
스마트폰의 불빛이 밤에 약하게라도 노출되면
다음날 뇌 기능 상태를 떨어트려 
작업기억능력이 저하될 수 있어요
- 고대 안암병원 연구 결과 참조

🌙
오늘 밤부터라도
스마트폰은 일찍 내려놓아보세요",0,"01/15/2026 00:30",https://www.instagram.com/p/DThlFKtiU9Y/,"Instagram 슬라이드",,"전체 기간",841,5234,14,2,4,1,14
18089811653104655,17841450824863436,drr__official,"따르릉통신 | 최초의 휴대폰성지","구글이 최근 퀵 셰어 기능을
애플의 에어드롭과 연동한다고 밝혔어요
이에 따라, 갤럭시(안드로이드폰)와 아이폰 사이에
사진을 공유할 수 있게 됐어요!

✔️ 어떤 기기에서 가능할까?
Google Pixel 10 시리즈부터 아이폰과의 사진 공유가 가능한데요
향후 다른 안드로이드 기기에도 확대될 예정이라고 해요

▶ Android → iPhone
1️⃣ 안드로이드폰에서
공유할 파일 선택 → Quick Share
2️⃣ 아이폰에서
AirDrop ‘모두에게 허용(10분)’ 설정
3️⃣ 안드로이드폰에서
목록에 뜬 아이폰 선택
4️⃣ 아이폰에서 수락 → 전송 완료

▶ iPhone → Android
1️⃣ 아이폰에서
파일 선택 → 공유 → AirDrop
2️⃣ 안드로이드폰에서
Quick Share 수신 대기 상태
3️⃣ 아이폰에서
표시된 안드로이드 기기 선택
4️⃣ 안드로이드폰에서 수락 → 전송 완료

아이폰과 안드로이드폰
함께 더 편리한 휴대폰 세상으로 😄",0,"01/14/2026 00:30",https://www.instagram.com/p/DTfASQsAT1X/,"Instagram 슬라이드",,"전체 기간",420,10321,29,70,0,2,16
18083471132175186,17841450824863436,drr__official,"따르릉통신 | 최초의 휴대폰성지","Apple이 공개한 최신 특허에 따르면
아이폰을 손에 쥐는 순간 ‘심장 박동’을 읽어 
본인 여부를 확인할 수 있다고 해요
- 아직 출시가 아닌 ‘특허 단계’

어떻게 심장박동으로
잠금 해제가 가능할까요?
✔️ 기기 프레임에 ECG 센서 내장
✔️ 손에 쥐기만 해도 심장 리듬 인식
✔️ 각 사람마다 다른 고유한 심장 패턴으로 인증
✔️ 얼굴·지문 없이도 본인 확인 가능
👉 ‘잠금 해제 동작’ 자체가 필요 없어지는 구조

💡
심장박동 잠금 해제는
복제, 위조가 거의 불가능해요
게다가 얼굴을 가리거나 손이 젖었을 때에도
잠금 해제 하는 데 불편함이 없고요

💡
사용 중에도 계속 인증되는
‘연속 생체 인증’이 가능해서
보안이 강화될 수 있다고 해요

스마트폰 보안, 과연 어디까지 진화할까요?",0,"01/13/2026 00:30",https://www.instagram.com/p/DTcbfV6kb85/,"Instagram 슬라이드",,"전체 기간",760,6988,10,10,0,3,8
18069657833626748,17841450824863436,drr__official,"따르릉통신 | 최초의 휴대폰성지","카오모지라고 아시나요?
카오모지(Kaomoji) =
문자 조합으로 감정을 표현하는 방식
이랍니다
(◕‿◕)

웃는 모습에서부터
감동, 고마움, 무표정, 장난스러운 표정까지
( ；∀；) ( •_•) (¬‿¬) (｡•̀ᴗ-)✧ (๑˃ᴗ˂)ﻭ
다양하게 표현할 수 있답니다

아이폰에서 쓰는 법
①
설정 → 일반 → 키보드 →
새 키보드 추가 → 일본어(Kana or Romaji)
②
키보드 🌐 전환 (또는 길게 누르기) → 일본어 선택
→ 숫자 버튼 클릭 → 오른쪽 하단 쪽 ^_^ 버튼 클릭 (Kana: 좌 하단, Romaji: 우 하단)
→ 상단에 카오모지 목록 열림

카오모지로
여러분의 감정을
더 다양하게 표현해보세요
(ﾉ◕ヮ◕)ﾉ*:･ﾟ✧",0,"01/12/2026 00:30",https://www.instagram.com/p/DTZ2tFBiKMv/,"Instagram 슬라이드",,"전체 기간",2809,6134,19,4,5,11,17
18034788449549603,17841450824863436,drr__official,"따르릉통신 | 최초의 휴대폰성지","🔥 지금은 ‘보조금 전쟁’ 중

통신시장 경쟁 격화로
스마트폰 보조금 최대 100만 원 이상까지 상향됐습니다.

다만,
⚠️ 매장마다 보조금 금액은 다릅니다.

📍 따르릉통신은 
현재 최대 보조금 기준 적용
👉 하루 100건 이상 개통 진행 중

이 타이밍,
망설이면 끝납니다.

✔ 조건 좋을 때
✔ 보조금 살아있을 때
✔ 실개통 물량 있을 때

지금 갈아타는 게 정답입니다.

⏰ 혜택은 곧 종료 예정
놓치지 마시고 지금 바로 문의 주세요.

📩 프로필 링크에서 가까운 따르릉통신을 찾아보세요

#따르릉통신
#휴대폰성지",6,"01/11/2026 23:48",https://www.instagram.com/reel/DTZx8QHinld/,"Instagram 릴스",,"전체 기간",847,455,3,0,1,0,1
18102055525694990,17841450824863436,drr__official,"따르릉통신 | 최초의 휴대폰성지","보이스피싱, 알림으로 설정해두면
조금 더 안심할 수 있어요
✅ 폰 기본 설정 (OS): 스팸/사기 의심 전화 알림&필터

✔️
아이폰이라면?
모르는 번호를 울리기 전에 한 번 걸러요!
설정 ▶️앱 ▶️전화(또는 Face Time) ▶️ 알 수 없는 발신자 스크리닝/음소거
- 무음 설정일 경우, 연락처에 없는 번호는 자동으로 무음 처리

✔️
갤럭시라면?
전화받기 전 ‘의심’ 상황이라는 것부터 알려줘요!
전화 앱 ▶️설정 ▶️보이스피싱 의심 전화 알림 ON
- 해당 기능은 일부 최신 기기/One UI 버전부터 적용

🚨
보이스피싱 알림은
‘습관’처럼 예방해야 해요!",0,"01/10/2026 01:00",https://www.instagram.com/p/DTUwjVDkzcw/,"Instagram 슬라이드",,"전체 기간",1917,3221,12,0,5,0,15
18042149438715491,17841450824863436,drr__official,"따르릉통신 | 최초의 휴대폰성지","NEW 휴대폰 구매가 필요한 시점, 
갤럭시 S26을 고민하고 있으시다면?
갤럭시 S26가 어떻게 바뀔지 예측을 정리해 드릴게요!

✅  S26년 미라클(S26) 예상 일정
2/25일 언팩,
사전판매 2/27~3/5
사전개통 3/6~3/11
런칭 3/11

📌
디자인 변화
우선 갤럭시 S26 시리즈는
기본, 플러스, 울트라로 구성될 것으로 보여요
✅ 얇은 베젤로 몰입감 UP
✅ 프레임 소재: 티타늄
✅ 후면에 카메라 섬 디자인 복귀 전망
✅ OLED 디스플레이에 CoE 기술 적용
👉디스플레이 두께는 줄이고 밝기와 색 재현력 향상
기본 모델 디스플레이 크기는 전작보다 소폭 커질 수 있다고 해요

📌
성능 & 칩셋
갤럭시 S26 기본과 플러스 모델은
✔️Exynos 2600칩셋이 탑재될 예정이며,
전력 효율성&AI 연산 성능이 향상될 것으로 기대돼요

미국과 중국 버전, S26 울트라 모델은
✔️Snapdragon 8 Elite 2 탑재 전망

📌
카메라 기능
갤럭시 S26 시리즈는 ‘메인 렌즈 센서 크기 확대’로
화질이 향상될 수 있다고 해요
또한, AI 기반으로 한 촬영 보정, 이미지 처리 기능도
강화될 전망이랍니다

+
✔️공식 60W 충전기 공개로 인한 고속 충전 지원 예상
✔️+삼성 자체 AI ‘가우스' 탑재 예상
✔️배터리는 이전과 같은 5,000mAh로 유지

바꿀 때가 된 휴대폰, 갤럭시 S26으로 갈아타실 생각이라면?
사전예약부터 가격 정보까지 따르릉통신으로!",0,"01/10/2026 00:30",https://www.instagram.com/p/DTUtGyygSKQ/,"Instagram 슬라이드",,"전체 기간",3746,4203,11,0,4,0,5
17973876359991495,17841450824863436,drr__official,"따르릉통신 | 최초의 휴대폰성지","스마트폰, 몇 년 쓰고 바꾸는 게 좋을까요?

최근에는 단순히 약정 기간이나 최신 모델 출시보다는
실사용성, 보안/성능 여부를 기준으로 바꾸는 게 추세예요

💡
한국 사용자 기준으로
약 2년 7개월을 주기로 휴대폰을 교체한다고 하는데요
실제 수명 기간은 2~5년 정도랍니다!
💡
배터리 수명이 중요한데요
일반적으로 리튬-이온 배터리는 2~3년 정도 최적 성능을 유지해요
배터리 성능이 떨어지면
하루 충전 횟수는 늘어나고, 체감 성능은 떨어진답니다
💡
OS 업데이트가 종료된다면
보안 및 주요 앱 호환성 문제가 생기기 때문에
교체를 고려하는 게 좋아요

👉
스마트폰 교체 시기는
몇 년이 기준이 아니라
‘불편함’이 체감될 때랍니다!",0,"01/09/2026 00:30",https://www.instagram.com/p/DTSIT4kjZzB/,"Instagram 슬라이드",,"전체 기간",1904,9988,16,1,12,0,14
18104401777683350,17841450824863436,drr__official,"따르릉통신 | 최초의 휴대폰성지","왜 내 데이터는 항상 부족할까?
먼저, 당신의 타입부터 확인해 보세요!

① 월 20GB이상 데이터를 많이 사용하는 사람
✔️ 유튜브·숏폼·OTT 시청이 잦음
✔️ 출퇴근·이동 중 LTE/5G 사용 많음
✔️ 자동 백업·앱 업데이트를 데이터로 진행
👉 고속 데이터 무제한 요금제 추천
일정 용량 소진 후에도 속도 제한 상태로 계속 사용 가능

② 월 5~10GB 내외로 사용하는 사람
✔️ 영상은 가끔
✔️ 지도·메신저·검색 위주 사용
✔️ 월말쯤 데이터 확인하게 됨
👉 10GB 내외 + 소진 후 저속 무제한 요금제 추천
초과 시에도 메신저·검색은 문제없이 사용 가능

③ 월 1~3GB 이하 와이파이 위주로 사용하는 사람
✔️ 집·회사·카페에서 대부분 와이파이 사용
✔️ 데이터는 비상용
✔️ 속도에 큰 민감도 없음
👉 소용량 데이터 요금제 추천

불필요한 무제한 요금제는 과소비!
요금제는 ‘비싼 게 좋은 것’도 ‘무조건 알뜰폰이 답’도 아닙니다
나의 사용 패턴에 맞는 선택이 중요해요.
따르릉통신이 함께 찾아봐드릴게요!",0,"01/08/2026 00:30",https://www.instagram.com/p/DTPjhHQAYQR/,"Instagram 슬라이드",,"전체 기간",1530,1711,6,0,1,0,12
17897729739225374,17841450824863436,drr__official,"따르릉통신 | 최초의 휴대폰성지","휴대폰 사진 화질 높이는 꿀TIP
최신 폰인데도 흐릿?
설정만 바꿔도 화질이 달라져요

✔️
카메라 기본 설정에서
비율을 4:3(SNS) or 16:9(인쇄파일)로 바꾸고
최대 해상도로 설정해서 찍으세요
안정적인 비율로 퀄리티 높은 사진 OK
+
HEIF ➡️ JPG 변경, 저장해야 다른 기기에서도 사진이 깨지지 않아요

✔️
카메라 설정에서 ‘격자' ‘그리드' 기능을 켜보세요
화면에 나타나는 9칸의 선을 통해 피사체를 안정적으로
멋지게  찍을 수 있답니다

✔️
사진이 너무 밝거나, 어둡다면?
수동으로 조절해보세요
화면에서 원하는 피사체를 탭하고 위아래로 움직이면
밝기를 직접 조절할 수 있어요
+피사체를 직접 손가락으로 탭해서 초점을 맞추는 것도 TIP

✔️
고화질 사진을 얻고 싶다면
설정>카메라>포맷>사진 모드에서 24MP로 바꿔주세요
사진이 훨씬 더 선명해진답니다.
- 아이폰 기준이며, 갤럭시는 기본으로 설정되어 있어요

카메라 화질 성능,
여러분은 100% 쓰고 계시나요?",0,"01/07/2026 00:30",https://www.instagram.com/p/DTM-uCKjaR6/,"Instagram 슬라이드",,"전체 기간",1631,4859,11,3,6,0,38
18052131716704749,17841450824863436,drr__official,"따르릉통신 | 최초의 휴대폰성지","앱 정리가 힘든 사람의 심리
‘정리를 못하는 게 아니라 못 지우는 이유가 있다고?’

📱
‘언젠간 쓸지도 몰라’
앱을 지우는 순간, 가능성을 포기하는 느낌이 들어서

💭
‘앱 속의 날 기억하고 싶어서’
그때의 취미, 취향, 그 시절의 내가 담긴 걸 기억하고 싶어서

🥱
‘생각보다 피곤한 정리’
지울까 말까 고민하고 판단하는 것 자체가 스트레스

🧐
‘나는 완벽주의자’
폴더 정리까지 떠올리다가 결국 아무것도 안 하게 되는 나

💻
‘요즘 너무 바빠’
여유가 없으면 정리는 뒤로 미루기 마련

👏
앱 정리가 어려운 건 게을러서가 아니라
아직 준비가 안 된 것일 뿐
너무 부담 갖지 마세요!",0,"01/06/2026 00:30",https://www.instagram.com/p/DTKZ76dE-gQ/,"Instagram 슬라이드",,"전체 기간",2027,2552,27,1,4,0,28
17956776231018087,17841450824863436,drr__official,"따르릉통신 | 최초의 휴대폰성지","폰이 느려졌다면?
이것부터 확인해 보세요!

1.
저장 공간을 확인해 보세요
80~90% 저장 공간이 차면 앱 실행, 사진 저장, 업데이트 속도가 급격히 느려져요

2.
백그라운드에서 실행 중인 앱이
속도를 저하시킬 수도 있죠
✔️ 열려있는 앱 수 = 느려지는 속도
사용하지 않는 앱은 꺼두세요

3.
업데이트 안 한 앱, 느림의 원인이 됩니다
최신 버전으로 업데이트해야 버벅대지 않아요

4.
가끔은 껐다 켜는 게 해결책이에요
메모리 누수, 오류 임시파일 등은 재부팅으로 정리되거든요

그래도 느리다면?
점검 또는 기기 교체를 고려해 보세요",0,"01/05/2026 00:30",https://www.instagram.com/p/DTH1IVnASm0/,"Instagram 슬라이드",,"전체 기간",1596,2030,13,0,7,0,18
18000167882773697,17841450824863436,drr__official,"따르릉통신 | 최초의 휴대폰성지","K-출근시간 세계 1위
아침마다 새는 데이터? 😮‍💨

매일 반복되는 출근길
이 시간 동안 가장 바쁜 건
아마 스마트폰 ‘데이터’ 일지도 모릅니다 😲

아침 7~9시
전국 모바일 트래픽이 가장 크게 치솟는 시간대

출근하는 사람만 많은 게 아니라
데이터도 함께 밀려 움직이고 있습니다
이때 새는 데이터도 많다는 사실!🧐

자동 재생되는 숏폼
강제 업데이트되는 앱
사진 백업, 백그라운드 동기화, 광고 재생까지…

게다가 많은 인파 속에 와이파이는 자주 끊기고
그 사이 LTE/5G로 데이터가 줄줄 새고 있죠 🤳

왜 내 데이터는 항상 부족할까?
따르릉통신에서 그 답을 찾아보세요! 😔",0,"01/02/2026 00:30",https://www.instagram.com/p/DTAGwuEgqV-/,"Instagram 슬라이드",,"전체 기간",747,4859,3,0,1,0,1
17845121133649960,17841450824863436,drr__official,"따르릉통신 | 최초의 휴대폰성지","지난 한 해 따르릉통신을 찾아주신
고객님들께 진심으로 감사드립니다

2026년에도 변함없이
합리적이고 투명한 안내로
저렴한 가격을 약속드리겠습니다

새해 복 많이 받으시고,
휴대폰은 가까운 따르릉통신에서 만나보세요 🎊",0,"01/01/2026 20:25",https://www.instagram.com/p/DS_qwYngV7q/,"Instagram 이미지",,"전체 기간",272,90,3,0,0,0,0
18087288920003027,17841450824863436,drr__official,"따르릉통신 | 최초의 휴대폰성지","판매점에서 휴대폰 사는 걸 피했던 이유
혹시 ‘정말 믿을 수 있는 걸까?’
‘불친절한 곳들도 많다던데…’’
이런 걱정 때문인가요? 🙄

하지만 그건 옛날이야기예요
단통법이 폐지된 요즘은
숨겨진 비용 없이
맞춤 상담으로 더 좋은 조건을
찾아드리는 경우가 많답니다 🧐

같은 휴대폰도
‘어디서, 누구에게’ 사느냐에 따라
조건이 달라질 수 있어요 😲

게다가 따르릉통신에서는
개통부터 데이터 이전까지 친절하게 알려드리고
어려운 부분은 대신 처리해 드리기도 하죠 🤙

친절하게, 그리고 편리하게
‘따르릉통신’이 가장 좋은 휴대폰 조건을 알려드릴게요 👀",0,"01/01/2026 00:30",https://www.instagram.com/p/DS9h8tsjIzc/,"Instagram 슬라이드",,"전체 기간",1949,1539,5,0,4,0,5
17939490818984971,17841450824863436,drr__official,"따르릉통신 | 최초의 휴대폰성지","휴대폰 바꾸기 전, 가장 먼저 해야 할 건 바로 ‘백업’입니다 🙂‍↔️

✔️
사진은 클라우드와 PC, 두 곳에 모두 저장해야 안전해요.
단일 저장소 오류로 인한 데이터 손실은 
실제로 자주 일어나는 일이랍니다

✔️
카톡과 같은 메신저 기록은 직접 백업해야 해요.
메신저 데이터는 기기 변경 시
자동 이전이 되지 않는 경우가 많으니 꼭 확인하세요

✔️
금융 앱이나 인증서, OTP는
새 폰에서 다시 설치해야 한답니다
인증 수단이 잘 이전되지 않으면 
로그인 자체가 막히는 경우가 많아요

✔️
기기 간 데이터 이전은
제조사의 공식 도구로 하는 것이 가장 안전합니다.
예를 들어, 삼성 폰은 Samsung Smart Switch
아이폰은 Apple Quick Start로 옮겨야 오류가 적어요

✔️
기존 폰은 며칠 더 보관해 두세요
모든 데이터가 제대로 옮겨졌는지 
확인하기 전까지는 초기화는 미루는 것이 좋아요

스마트폰의 안전한 사용은 편리함까지 가져옵니다 💫",0,"12/31/2025 02:00",https://www.instagram.com/p/DS7HdFFEkkI/,"Instagram 슬라이드",,"전체 기간",1760,7209,19,0,13,0,33
17938050720106151,17841450824863436,drr__official,"따르릉통신 | 최초의 휴대폰성지","휴대폰 유지비용이 너무 많이 나오는 것 같나요?
기기 구매비용과 요금제 구조부터 점검해볼 필요가 있어요

비용 차이를 만드는 건
✔ 기기값
✔ 약정 여부
✔ 요금 유지 기간
이런 조건들이에요
자급제+알뜰폰 조합이 가장 저렴하다고도 하지만
유일한 정답은 아니랍니다

💡
예를 들어
기기 할인을 많이 받고 일정기간 요금제를 유지한 뒤
사용량에 맞는 저렴한 요금제로 변경하는 것도
합리적인 선택이 될 수 있어요

💡
내 사용량과 시점에 맞게
기기값&요금제 구조를 이해하면
보다 폭넓게 휴대폰 유지비용 절약 방법을
찾을 수 있답니다

어렵게 느껴지신다면?
편하게 따르릉통신으로 편하게 문의해보세요!",0,"12/31/2025 01:42",https://www.instagram.com/p/DS7FeuDkr_t/,"Instagram 슬라이드",,"전체 기간",2705,2623,5,0,0,0,4
18159746020409837,17841450824863436,drr__official,"따르릉통신 | 최초의 휴대폰성지","🚨 속보
KT 위약금 면제 확정

✅ 면제 대상
아래 조건을 모두 충족하는 고객이 환급을 신청하는 경우

1️⃣ ’25.8.31(일) 24시 기준
KT 가입 및 약정 가입한 고객

2️⃣ ’25.12.31(수) ~ ’26.1.13(화) 24시까지
해지 및 위약금 발생 고객

’25.9.1 ~ ’25.12.30 해지 고객 소급

3️⃣ 휴대폰 및 2ND / 패드 회선

✅ 면제 기간
25.12.31 ~ 26.01.13

✅ 환급 신청 기간
26.1.14(수) 09시 ~ 26.1.31(토) 22시

위약금 면제 대상자라면 지금 바로 확인해보세요.
자세한 내용은 가까운 따르릉통신에 문의하세요.

#따르릉통신
#휴대폰성지
#KT위약금면제
#위약금면제기간",0,"12/30/2025 19:52",https://www.instagram.com/p/DS6dXq-gSQU/,"Instagram 슬라이드",,"전체 기간",360,110,6,0,0,0,0
18424784707114203,17841450824863436,drr__official,"따르릉통신 | 최초의 휴대폰성지","2026년 새해,
자기 관리 습관부터 잘 잡아두고 싶은데
늘 작심삼일로 끝난 적이 많나요? 😔
그럴 땐, 루틴을 잡을 수 있는 앱의 도움을 받아보세요

🔮Alarmy(알라미)
강제 기상 루틴 앱
알람을 끄려면 문제를 풀어야 하는 앱이에요.
수학 문제, 사진 찍기, 흔들기, 스쿼트 등 
기상 미션을 다양하게 설정할 수 있답니다

🔮Challengers (챌린저스)
챌린지 성공하면 돈이 들어오는 앱
운동, 루틴, 식습관 등 
다양한 챌린지에 도전하여 
원하는 금액을 걸고 인증하면 
예치금을 돌려받고, 상금도 획득할 수 있어요

🔮Routinery (루티너리)
갓생 살기 위한 타이머 플래너 앱
미라클 모닝, 미라클 나잇을 위한 
루틴을 상세하게 설계할 수 있고
타이머를 통해 실행까지 도와주는 앱이에요

💫
작은 루틴이 쌓이면 새로운 내가 될 거예요
2026년도 잘 살아봐요, 우리",0,"12/30/2025 00:30",https://www.instagram.com/p/DS4YXC7Da8W/,"Instagram 슬라이드",,"전체 기간",2266,2060,10,2,1,0,20
18031704401596500,17841450824863436,drr__official,"따르릉통신 | 최초의 휴대폰성지","휴대폰 구매 시 말로 현혹되어 
손해 보고 사는 일은 없어야겠죠?

따르릉통신이 알려드리는
3가지만 딱 기억하세요!

✔️ 실구매가 0원에 속지 마세요

월 납부금이나 실구매가 0원이라는 말
많이 들어보셨을 겁니다

이때에는 카드 제휴 할인이
‘필수’ 조건인지 ‘선택’ 사항인지
확인하셔야 해요

‘아무 조건 없이 할인된 최종 할부원금이 얼마인가?’ 
가 중요합니다!

✔️ 공시 지원금 vs 선택 약정 비교
기기값을 직접 할인받는 ‘공시 지원금’
매달 요금의 25%를 할인받는 ‘선택 약정’
이 둘 중에 무엇이 유리한지 따져봐야 합니다!

- 보통 고가 요금제 사용 시 선택 약정이 유리한 경우가 많아요!

✔️ 불필요한 조건 유무 파악
(반납 조건, 장기 할부 등)

내가 안내받지 않은 부가서비스에
강제로 가입되거나,
2년 뒤에 폰을 꼭 반납해야 하는 등
독소 조항이 있는지 확인하세요

💡
현명한 휴대폰 구매, 어렵게 느껴지신다면?
따르릉통신이 친절하게 알려드릴게요!",0,"02/24/2026 00:00",https://www.instagram.com/p/DVIhdCKjc2Z/,"Instagram 슬라이드",,"전체 기간",1109,1902,4,0,1,0,5
